ARCHgutm,Assay,class,pair,6,9,11,14,26,42,46,49,53,54,64,81,89,91,104,106,107,108,121,133,137,138,153,162,174,177,180,181,185,191,196,200,201,202,206,208,209,211,213,214,215,227,229,234,236,239,245,246,280,283,285,294,298,306,309,316,318,328,331,336,338,340,342,355,359,362,363,366,370,372,376,402,404,406,410,412,417,425,428,429,431,432,438,506,507,603,610,700,704,801,804,806,809,812,815,817,819,910,911,1108,1118,1123,1200,1201,1300,1302,1303,1305,1500,1503,1504,1505,1507,1509,1511,1512,1513,1519,1520,1522,1528,1536,1539,1540,1541,1544,1545,1546,1547,1548,1549,1551,1552,1553,1556,1557,1558,1559,1565,1567,1572,1573,1577
B_A,A_M,Mother,1,,3.39E-05,3.71E-05,0.035327345,0.034184993,,,0.002436725,,0.010666317,,3.71E-05,,,4.78E-05,0.030547945,,,,,,,,9.31E-06,0.000268597,,,,0.132609153,0.089718706,,1.06E-05,,,0.00853555,,,,,,4.28E-06,,,5.94E-06,,,3.33E-06,5.90E-06,2.22E-05,4.08E-06,8.45E-06,0.000134322,5.94E-05,3.15E-06,,,,,,,,,,,6.12E-05,,,,3.20E-06,1.08E-05,4.97E-06,1.02E-05,5.69E-06,,4.26E-05,,1.06E-05,,,,0.000570875,,,5.65E-06,5.16E-05,,,,,1.42E-05,0.003662895,3.38E-06,0.003654037,,,0.003232641,,,9.56E-06,1.55E-05,0.000168892,5.05E-06,,0.000233029,5.93E-05,,,,,,0.000102586,,2.19E-05,5.11E-05,0.00016889,6.07E-06,0.003849147,,4.75E-06,,,,0.000113594,0.025274961,,,,,,,,,,,,2.21E-05,,,,,,1.91E-05,
B_A,A_C,Child,1,,0.050085095,0.063875013,,0.038017845,,,,,,5.14E-05,0.072638773,5.59E-06,,,0.096827451,,0.014564984,3.53E-05,0.01199817,,,,,,0.012811191,,0.007513348,0.206529218,0.031248847,,,0.067067791,5.11E-06,0.000825939,0.000759207,1.33E-05,,,,,,,2.32E-05,5.71E-06,2.26E-05,5.66E-06,,4.28E-05,5.89E-06,,,0.066643838,,,,2.10E-05,,,,,,,,0.000468361,,,,,,3.53E-05,7.16E-05,,1.10E-05,0.000300209,,,1.00E-05,,5.96E-06,,,3.79E-06,0.000240008,,,,,4.80E-06,3.81E-05,0.026193287,,0.025669712,2.10E-05,,1.67E-05,,,,2.72E-05,0.000192273,9.55E-06,,0.00272916,0.131150666,0.000188254,7.35E-05,0.000151095,,,,0.006633031,3.97E-06,0.117205232,0.000165613,8.34E-06,4.95E-05,,0.000212943,0.000115528,,3.03E-05,,,,,,0.038904649,,,0.000201653,0.007476666,0.000152966,,7.71E-05,0.0440494,,,,0.066999259,,,
B_B,B_M,Mother,0,1.20E-05,1.34E-05,2.72E-05,0.02035687,0.256566234,8.06E-06,,0.006598641,,0.015441838,,1.45E-05,5.13E-06,2.56E-06,0.000136577,0.612373657,0.004109193,,,,,5.04E-06,1.02E-05,2.41E-05,0.004936135,,,,0.395780142,0.110122611,0.136339909,0.000237039,8.82E-05,,0.001825238,,1.06E-05,2.06E-05,,,,,,1.08E-05,,8.05E-06,2.87E-06,2.01E-05,3.15E-05,,2.61E-05,0.000131197,8.53E-06,3.70E-05,,,,,,,,6.94E-06,4.32E-06,,0.000226132,,,,1.33E-05,2.29E-05,1.21E-05,,1.99E-05,5.21E-06,0.000570089,,7.01E-05,8.90E-06,,,0.00353273,,,6.02E-06,2.60E-05,,,,,2.96E-05,0.091952068,3.09E-05,0.098697693,3.94E-05,0.000156119,0.020212475,5.04E-05,,2.59E-06,,0.000122924,1.14E-05,,,3.27E-05,4.19E-05,8.74E-06,,4.87E-06,,0.002125871,,4.20E-06,1.55E-05,0.000455068,1.79E-05,0.000113782,,2.98E-05,0.000413736,,,2.45E-05,0.029398556,,1.05E-05,,2.46E-05,,,8.68E-06,3.94E-06,3.45E-05,,8.79E-06,4.42E-06,,,1.84E-05,,,,
B_C,C_M,Mother,0,0.0001535,0.063359538,0.045138591,0.007132282,0.26604892,,,0.001042123,,0.005753949,0.000235155,0.068904169,1.49E-06,,0.000148419,0.091845736,,7.93E-05,4.75E-06,8.32E-06,,4.34E-05,4.52E-05,2.24E-06,0.000593412,,,,0.145477055,0.044012597,0.000373016,3.59E-05,0.005406112,7.74E-06,0.000802911,8.65E-05,0.004704495,2.55E-06,0.000311094,0.000326255,4.52E-05,,,2.22E-05,2.69E-06,,1.87E-06,,,4.86E-06,,0.000131062,0.079243838,,0.000228803,,,,,,,,,2.86E-05,3.25E-05,,,0.000101884,1.49E-05,0.00046475,1.96E-05,1.18E-05,,1.01E-05,0.000189344,,7.31E-05,3.14E-05,3.42E-05,2.03E-06,,,1.61E-06,,7.64E-06,,,,4.42E-06,,0.016110759,,0.01698097,7.08E-05,,0.01863125,,,4.93E-05,,0.000473296,6.95E-06,,,0.124787332,,0.00055412,,,,0.00232696,,2.26E-06,0.120924138,0.000149175,,0.000540792,0.001673339,2.60E-06,,,1.25E-05,0.000243239,0.010040538,4.05E-06,,3.88E-05,0.003181358,,4.06E-06,5.89E-05,3.83E-05,2.46E-05,,0.000750266,0.047385995,2.41E-06,,0.000202314,,,2.69E-06,0.000152555
B_D,D_M,Mother,0,,0.026914945,0.030464286,0.003238631,0.094169768,0.000134187,2.95E-06,0.004814947,,0.004473655,9.70E-06,0.031633154,,,2.75E-05,0.062476616,,2.70E-05,,,,3.29E-06,,4.62E-06,0.004879654,,5.11E-06,,0.097845082,0.099187741,1.06E-05,0.000160207,0.155228693,0.056443183,0.001083263,1.77E-05,8.11E-06,,,,9.40E-06,,,,6.71E-06,,,3.12E-06,,1.46E-05,,0.000128014,0.032338063,,,0.021104813,,,,0.046676147,,0.004335758,,5.90E-06,0.029308629,,0.052359501,,,4.74E-05,6.46E-06,1.18E-05,2.09E-05,,7.54E-05,,1.16E-05,6.35E-06,0.004179689,,0.001518132,,,2.74E-06,2.55E-05,0.044041338,,,3.96E-05,1.83E-05,0.069831601,2.53E-05,0.064263371,0.016121001,,0.002926308,0.000381394,,9.73E-06,,8.49E-05,8.31E-06,,0.001457136,0.049599295,4.78E-05,0.005148397,0.000150689,,,0.000323244,5.36E-06,2.07E-05,0.035205418,0.000909811,0.035760452,0.001174692,,,,,1.40E-05,2.41E-05,0.002540227,1.13E-05,,0.004903933,0.10563127,,6.07E-06,0.00032094,3.19E-05,7.61E-06,,0.002420218,0.046845729,,0.054989402,5.59E-06,,6.77E-05,,9.97E-06
B_E,E_M,Mother,2,,0.000383108,0.000356626,0.003586295,0.006167576,,,0.003799706,,0.008858547,,0.000379502,,1.53E-05,0.003094497,0.005199667,0.000120718,,,4.91E-05,,,,8.05E-06,0.003685191,4.43E-05,,,0.009410008,0.082547324,0.005017542,9.25E-06,0.001679622,,0.00350006,,6.39E-05,,1.04E-05,1.41E-05,,,,2.06E-06,,,,,,1.59E-05,,0.000238001,0.000492094,,1.20E-05,,,,,,,,,,7.57E-05,,,,,,3.89E-06,,,1.80E-05,,,,2.35E-06,,,0.001291001,,1.43E-05,9.75E-06,1.21E-05,,,,,,0.003074043,6.05E-06,0.003061213,,,0.001748946,,,1.76E-05,1.74E-06,4.89E-05,2.37E-06,,,0.000361476,2.37E-05,,,,,4.67E-06,,3.87E-06,0.000194932,7.16E-05,0.000222193,0.000745062,,,5.86E-05,,8.54E-06,0.00022589,0.002073758,2.45E-06,,,0.000348748,,2.13E-06,6.99E-05,,6.10E-06,,,,,0.000475122,,6.78E-06,,,
B_E,E_C,Child,2,,0.000309295,0.000356378,0.004001547,0.005803292,,,0.004158411,1.76E-06,0.008996259,,0.000410471,,1.33E-05,0.00327482,0.005225327,0.000131888,,,5.51E-05,,,,1.73E-05,0.003939984,5.48E-05,,,0.009835874,0.078957057,0.00492388,4.92E-06,0.00175816,,0.003752705,,3.90E-05,,9.11E-06,3.66E-05,,,,1.69E-06,,,,,,1.64E-05,,0.0002153,0.000371223,,2.37E-05,,,,,,,,,,0.000103734,,,,,,9.10E-06,,,2.89E-05,5.56E-06,,,,,,0.001501608,,1.64E-05,1.32E-05,3.75E-05,,,,,3.21E-06,0.002693736,8.43E-06,0.003346755,3.25E-06,,0.00202614,,,7.24E-06,8.36E-06,7.75E-05,3.75E-06,,,0.000319714,,,,,,5.15E-06,,8.66E-06,0.000232912,0.000111801,0.00028452,0.000862141,,,,,,0.000246241,0.002402987,,,,0.000498796,,,8.43E-05,,2.88E-05,,,,,0.000533059,,9.88E-06,,,
F,F_M,Mother,3,6.23E-05,0.000165572,0.000219017,0.008471406,0.130893174,,,0.00121903,3.44E-05,0.004156942,5.65E-06,0.000172066,,,0.000132636,0.014912295,,,7.07E-05,,,,,,0.000225629,,,,0.106976528,0.071267742,0.040381598,0.000566882,0.000377939,,0.000759348,,5.34E-05,4.84E-06,,,1.16E-05,,,1.11E-05,,,6.03E-06,1.47E-05,2.61E-05,2.76E-05,7.57E-06,3.19E-05,0.000255449,,,,,,,,,,,,,,,,,1.37E-05,1.03E-05,1.30E-05,8.83E-05,1.02E-05,,6.99E-05,7.76E-05,2.26E-05,,,0.000447524,,,,,,,,,1.37E-05,0.107789511,2.14E-05,0.125804739,,2.86E-06,0.013564928,,,,,0.000594505,2.57E-06,,0.000333829,0.000235935,,,,,,,,5.13E-06,0.000176015,4.21E-05,,0.00100551,,,0.000166335,,2.35E-05,0.000182465,0.009715597,,2.71E-06,2.77E-06,0.000140853,,0.000107432,,,8.40E-05,,,0.000128991,,,,0.000135835,,,
F,F_C,Child,3,1.07E-05,0.001895499,0.002150864,8.31E-06,0.008909575,,,,,,0.000148542,0.0023156,,,,0.00487962,,9.87E-06,6.64E-05,,,,,,5.94E-06,6.27E-06,,,0.004488901,0.004991321,0.004886906,0.000229503,0.004812553,4.70E-05,0.010342749,,0.000647299,,,,5.81E-06,,,4.85E-05,,4.40E-05,1.83E-05,,0.000258818,1.50E-05,,,0.002398722,,,,,,,5.18E-05,,,,,2.93E-05,,5.68E-05,6.88E-06,,0.000288612,,,,4.29E-06,1.65E-05,7.60E-06,,2.55E-05,,2.01E-05,,,8.27E-06,2.89E-05,,,,,,,0.000672922,,0.000559473,,,0.003408957,,,,1.89E-05,,,,0.009310018,0.002939375,7.40E-05,5.58E-05,,,,,,1.42E-05,,0.002324117,,0.000109376,7.88E-06,7.23E-05,3.14E-05,,3.18E-05,,5.71E-06,,,,0.002388917,5.86E-05,,,,0.000601787,1.44E-05,,0.001018094,4.14E-06,,,,,,1.88E-05
G,G_M,Mother,36,,3.74E-05,3.38E-05,3.92E-05,0.003225938,,,8.23E-05,,0.001866665,,3.37E-05,,,0.000150385,0.184536806,,,3.99E-05,,,,,2.92E-05,7.87E-06,,,,0.126064847,0.049872771,0.012424402,,0.000263998,5.50E-05,0.001052537,,5.09E-05,,,,1.22E-05,,,,,,,,,2.83E-05,,,5.46E-05,,,,1.08E-05,,,1.33E-05,,,,,8.01E-05,,1.95E-05,,,,,1.58E-05,,,4.17E-05,,7.19E-06,1.15E-05,,,1.10E-05,,,,,,,,,9.26E-06,0.001026898,,0.000915263,3.03E-05,6.72E-06,0.042195681,,,,8.90E-06,0.000387501,,,0.000805606,2.45E-05,1.54E-05,7.46E-06,,,,7.81E-06,,2.02E-05,4.22E-05,0.000392092,9.16E-05,0.000151636,,,5.48E-05,,3.32E-05,9.41E-05,,,,,5.62E-05,,,,,4.29E-05,,,,,0.000125284,,,,,
H,H_M,Mother,4,,5.88E-06,1.10E-05,0.00418972,0.114292176,7.12E-05,,0.00778308,,0.001515162,4.52E-06,1.37E-05,,0.000121112,0.001249013,0.005015584,,,3.67E-06,3.23E-06,,0.010332109,0.01113752,,0.000610659,1.72E-05,,0.000102422,0.135128514,0.031566142,0.006580593,,3.81E-05,,0.051031872,,6.07E-06,,3.46E-05,,,,,,,,,1.90E-05,9.47E-06,1.11E-05,4.24E-06,2.83E-05,7.58E-06,,7.54E-06,,,,,,,,,,0.000248711,,,,3.00E-06,0.057621094,,,0.000186082,3.05E-06,9.11E-05,,0.000899096,1.07E-05,1.53E-05,,0.004509942,,,,,,,,3.69E-05,,0.001934875,8.08E-06,0.001901866,7.35E-06,2.75E-06,0.227220494,,,2.73E-06,,3.77E-05,4.59E-06,,,1.06E-05,1.00E-05,,,,1.23E-05,0.000370159,,3.42E-05,2.53E-05,2.15E-05,,0.003743665,,,0.000118312,2.59E-06,,0.000102853,0.003867404,,2.80E-06,1.63E-05,,,,,,0.000314355,,,4.41E-06,,,3.35E-06,,,,
H,H_C,Child,4,0.001647994,0.068631501,0.076083591,,,0.002606313,,1.52E-05,,,0.000273763,0.071616402,,,,,,0.000100561,,0.312074656,,,,2.07E-05,,,,,,2.89E-05,,,0.229743377,5.06E-06,0.015418655,0.000136531,,,,,,,8.07E-06,,,0.00011454,,,0.000180856,,6.71E-06,,0.08811777,,,,,,,,,7.12E-05,,0.000206403,1.28E-05,,,,,,,6.52E-05,8.19E-06,1.31E-05,,0.001115761,,6.43E-05,,,,,,,,,,1.26E-05,,8.34E-06,0.002565701,,0.002643373,,,,,,,2.90E-05,4.98E-05,0.008437592,1.31E-05,0.003052291,0.108854654,,0.003152002,0.004242184,,,,,2.08E-05,0.094002737,0.000181065,0.269142325,0.010886242,,9.71E-05,2.61E-05,,,,,,1.81E-05,,0.160625503,7.29E-06,0.002243394,3.66E-05,1.33E-05,0.000193604,,0.002198346,0.018795418,,0.360165824,,,,,
B_I,I_M,Mother,5,,,,4.64E-05,0.080288529,,,,,0.001153125,,8.18E-05,,,,0.103129402,,,,,4.13E-05,0.000114196,,,,,,,0.065242711,0.013466384,0.046555393,,,,0.000158146,,,,,,,,,,,,,,,,,0.000113328,,,,,,,,,,,,,,,,,,,,,,0.000233746,,,,,,,,,,,,,,,,,0.01170635,,0.009490531,,,0.010824678,,,,,,,,0.000253725,,,,,,,,,0.000101413,,0.000282369,0.000967503,,6.93E-05,,0.000612061,,0.000194896,,,,,,,,,,,,,,0.000109657,,,,,,,
B_I,I_C,Child,5,,0.004466784,0.005015116,0.005671357,0.009421846,0.003748685,,0.009907909,3.27E-06,0.005658756,0.000216132,0.007065079,,,,0.046591426,,1.41E-05,,5.84E-06,0.007272454,,,2.26E-06,,7.66E-06,2.49E-06,,0.026500862,0.00791327,,6.32E-06,0.017493955,2.49E-05,0.037206601,0.000273147,8.46E-05,,,,,,,2.81E-05,2.41E-06,1.50E-05,4.99E-06,,1.39E-05,3.58E-05,2.67E-06,1.15E-05,0.005741165,,,,,,2.19E-06,0.000635905,,0.002995808,,0.000342898,0.001475764,,0.000535502,2.15E-05,,,,8.82E-06,,8.78E-06,6.39E-05,,,3.96E-05,0.000362857,,0.003280114,2.06E-06,,4.81E-06,5.81E-05,,,,,,0.029829983,3.76E-06,0.055782118,2.51E-05,,,,,4.83E-06,,6.64E-05,,,0.000139956,0.004450461,,0.003848256,,,,,,9.20E-06,0.003676495,6.00E-05,4.51E-05,0.007307503,,,,,,0.001544977,0.00406331,,0.000771696,0.000357952,0.005702352,2.70E-05,,3.36E-05,0.002734557,1.39E-05,4.14E-06,0.000157829,0.036518085,,1.01E-05,,,6.42E-06,,2.76E-05
B_J,J_M,Mother,6,7.10E-05,0.019628992,0.020762326,0.000239583,0.017562911,,,0.000525095,7.47E-06,5.88E-06,9.80E-05,0.019873895,,,,0.088482523,,6.62E-05,,,,2.10E-05,2.01E-05,,,0.001347004,0.000683428,,0.307366831,0.000398217,,0.001970484,0.001473014,7.69E-06,0.005046828,,5.46E-05,,,,4.61E-06,,1.91E-05,6.73E-05,1.65E-05,8.72E-05,2.75E-06,,0.000299415,0.002667614,1.59E-05,,0.027626986,,,,,,2.54E-06,,,,,,5.59E-05,,,2.85E-06,,2.10E-05,,,5.00E-05,2.08E-05,0.000189291,5.29E-05,,0.000148001,,,0.000148349,4.82E-06,,0.000195476,,,,3.84E-06,1.53E-05,,,6.00E-06,,3.52E-05,,7.84E-05,,,3.01E-05,2.89E-05,6.00E-05,0.011500958,4.63E-06,0.001775452,0.024281332,2.42E-05,,,,,0.002477177,,7.48E-06,0.027706872,8.37E-05,0.000646991,3.19E-05,,0.000123937,0.000107772,,2.00E-05,,0.000208047,,9.33E-06,,0.000984517,,8.22E-05,0.002230784,,0.001412821,4.27E-05,7.78E-06,0.000622798,,0.00105025,,,,,1.05E-05
B_J,J_C,Child,6,6.61E-05,0.020516038,0.024197277,0.000224386,0.018178038,,,0.000535186,1.03E-05,7.64E-06,,0.024260458,,,,0.095071753,,7.49E-05,0.000368935,,,2.30E-05,9.75E-06,1.50E-05,,0.001543675,0.000670065,3.24E-06,0.321132677,0.000451491,,0.002237142,0.001659067,,0.004941713,,6.30E-05,,,,3.95E-06,,1.67E-05,6.30E-05,1.53E-05,0.000101032,4.23E-06,,0.000246513,0.002877508,1.37E-05,,0.029244722,,,,,,3.52E-06,1.03E-05,,,,,,,9.57E-06,3.93E-06,,1.22E-05,2.94E-05,,7.69E-05,2.46E-05,0.000300714,7.36E-05,,0.000250706,,,0.000180748,4.68E-06,,0.000346009,,,,7.71E-06,2.08E-05,,,7.72E-06,,,,0.000124439,,,0.00010774,3.77E-05,7.56E-05,0.019504777,8.38E-06,0.003684911,0.040735026,9.20E-05,,,,,0.004586887,3.44E-06,4.01E-06,0.040222078,0.000107216,0.000805272,1.20E-05,,0.000263836,,,1.99E-05,,0.000248998,,1.88E-05,,0.00146147,,0.000171394,0.00567312,,0.000742873,4.46E-05,2.31E-05,0.000707611,,0.001738215,,,,,3.49E-05
K,K_M,Mother,7,,6.45E-05,8.21E-05,0.001702041,0.000808225,,,6.70E-05,,0.027090093,,6.15E-05,,,0.000720079,0.071262819,,,3.43E-05,,3.10E-06,,,,4.99E-06,,,,0.140614465,0.019004502,0.108090742,,3.54E-05,,0.000199759,,,,8.81E-05,,6.42E-06,,,4.80E-06,,,3.20E-06,,,3.76E-05,,1.39E-05,6.35E-05,,,0.000137901,,,,,,,,,9.84E-05,,,,3.47E-06,6.31E-06,,5.01E-06,,4.77E-05,6.41E-05,,0.000293262,6.01E-06,5.83E-06,,2.30E-05,,,,8.26E-06,,,,,,0.033283118,2.83E-06,0.032391384,,,0.004446036,,,,,0.000170182,,,0.000162983,8.98E-05,1.92E-05,,,,,6.34E-05,,7.38E-06,,9.47E-05,1.06E-05,0.000491984,0.000179765,3.84E-06,6.83E-05,2.40E-06,1.68E-05,1.93E-05,0.001126494,,,,9.40E-06,,,3.86E-06,,0.000145739,,,3.04E-05,2.26E-06,3.97E-06,5.81E-06,,,,
K,K_C,Child,7,,0.033053656,0.040193748,,0.002427174,,,,4.43E-06,0.006036365,,0.037690335,,,,0.001060368,,0.000143573,,,,,,,,,8.57E-06,,0.002323603,0.129038409,0.003755437,,0.098616935,1.50E-05,0.060700952,0.000701743,,,,,,,,6.25E-06,,1.67E-05,1.58E-05,5.92E-06,9.25E-05,5.52E-05,,0.000108542,0.0458957,4.91E-06,,,,2.16E-05,,,,,,,9.55E-05,,,,0.000103677,,6.24E-05,2.12E-05,,1.05E-05,,,,6.03E-06,,,,,,,0.000332149,,8.50E-06,0.000149435,4.73E-06,0.000478009,0.00394919,8.27E-06,0.004030477,7.48E-05,,0.004088707,,,8.95E-06,1.55E-05,4.74E-05,1.51E-05,0.000212717,,0.065829643,0.000119421,3.52E-05,,,,,1.12E-05,9.47E-06,0.065617171,0.003639364,0.011787454,0.013287996,,,6.99E-05,,0.000130242,,,,,,0.079870886,,,6.26E-05,1.75E-05,2.69E-05,,3.36E-05,0.01108391,,0.017188798,,,,,
L,L_M,Mother,8,7.25E-05,0.002538613,0.002470137,0.001379806,0.89648804,,2.50E-06,0.001330438,,0.005197871,,0.002827177,,,,0.115746136,0.001525264,4.63E-06,6.25E-06,,,,,,0.00011573,,,6.71E-06,0.296463683,0.117787173,0.054773501,4.18E-06,0.000439689,,0.001754858,,,,7.58E-06,,,,,,4.65E-06,3.56E-06,,4.08E-06,5.13E-05,1.42E-05,,3.01E-06,0.002951522,,3.29E-05,,5.18E-05,,,0.000252354,,,,,0.000383587,,,,8.70E-06,,9.92E-05,,5.04E-05,,0.000259855,4.63E-05,,6.62E-05,2.78E-05,,0.000829263,,,,0.000118321,,3.69E-06,,,,0.059594132,1.80E-05,0.060321204,,4.30E-06,1.10E-05,,,3.45E-06,,5.88E-05,5.44E-06,,0.001384097,0.004439469,4.04E-05,,,7.91E-06,,,,1.15E-05,0.00440941,0.001126954,1.60E-05,0.000298813,0.001927452,,0.00045504,,,,0.002359397,,4.82E-06,2.20E-05,0.000350905,2.88E-06,8.12E-05,1.09E-05,,8.95E-05,,,,2.12E-05,1.66E-05,,,,4.11E-06,
L,L_C,Child,8,,0.008180503,0.008323031,4.75E-06,4.85E-05,0.001118933,,,,3.46E-06,,0.009731415,,,,3.36E-06,9.10E-06,1.22E-05,2.62E-05,,,,,0.000212614,6.20E-06,,7.63E-06,4.37E-06,6.77E-05,0.000191896,,,0.036219004,,0.021225064,2.64E-05,8.75E-06,,,,6.19E-06,,5.36E-06,,,4.43E-05,,8.17E-06,9.92E-05,3.10E-06,,0.002489304,0.010011658,,,,,,,,,6.69E-05,,8.22E-05,0.007530417,,2.69E-06,,,0.000543813,,,,9.15E-06,2.52E-05,,,1.81E-05,2.69E-06,1.14E-05,,,2.03E-06,,9.11E-05,,2.81E-06,,,5.96E-06,,,0.005235944,8.00E-06,,1.18E-05,,,,,5.00E-05,,,0.003163946,0.013243095,3.23E-05,0.001418291,,,,,,,,,0.000164233,,3.65E-06,1.62E-05,,,1.42E-05,,3.94E-06,,4.90E-05,2.63E-06,0.024495624,,,4.66E-06,,,6.81E-06,5.97E-05,,3.39E-06,,0.001597339,,,,
M,M_M,Mother,9,,,,0.049904993,0.00235287,,,0.020975388,3.51E-05,0.124003231,1.26E-05,,,4.62E-05,7.91E-05,0.126122334,0.006371915,,,,,,,,0.015362256,,4.34E-06,,0.219929253,0.11544151,,1.15E-05,,,3.65E-05,,,,,,3.08E-05,,,,,,4.77E-06,,,1.78E-05,1.50E-05,7.76E-06,,,,,2.09E-05,,,,,,,,,,,,9.90E-06,,8.03E-06,5.43E-06,2.05E-05,3.37E-05,8.49E-05,,3.47E-05,7.87E-06,,,0.007192494,,0.000106296,0.001458939,,,,,,1.29E-05,0.003425019,,0.003490752,2.20E-05,,5.57E-06,,,,,2.00E-05,,,0.000700537,,9.19E-06,,,,,,,1.63E-05,,0.000296685,,0.00012741,0.042786376,,0.000259184,,,,0.048634393,,,1.47E-05,,,,7.86E-06,,5.69E-05,,,,,,1.51E-05,,,,
M,M_C,Child,9,,,,,2.13E-05,,,,,0.009484665,6.76E-06,,,,,9.61E-06,,0.011097394,2.65E-06,,,,,,,,8.41E-06,,4.86E-06,0.018114485,,0.000558709,0.01731201,,0.003226618,4.23E-06,2.82E-05,,,,2.31E-06,,,,3.56E-06,1.88E-05,9.04E-06,,6.82E-05,,,0.004846849,,,,,5.63E-06,0.000782674,,,,,,,0.000167834,,,0.031010481,,0.00121279,8.34E-05,0.00013903,,3.74E-05,1.11E-05,,,3.20E-06,,,,,,5.51E-05,7.58E-06,,,,,,0.000222002,3.36E-05,0.000218546,3.55E-06,,,,,,6.90E-06,0.000383117,3.74E-05,1.02E-05,0.000776516,,8.90E-05,0.003714903,,3.68E-06,4.87E-06,,0.010080638,5.96E-06,,3.37E-06,,0.030373616,0.007412027,2.46E-06,0.000175326,,1.42E-05,,,,,,0.018407953,,,4.14E-06,4.47E-05,,3.73E-06,0.007399289,,1.99E-06,,,,,,0.042626336
N,N_M,Mother,10,,,,0.000751817,0.008892482,,,,,0.006987036,,,,,,0.004500762,,,,,,,,,0.000305892,,,,0.011636892,0.008831694,0.009226213,,,,,,,,,,,,,,,,,,,,,,,,,,,,,,,,,,0.000491626,,,,,,,,,,,,,,,,,,,,,,,,,,0.00173539,,0.000311486,,,,,,,,,,,,,,,,,,,,,,,0.012837856,,,,0.002948618,,0.001098728,,,,,,,,,,,,,,,,,,,,,
N,N_C,Child,10,,0.026750629,0.030759799,,,0.005899321,,,,0.004491894,0.000129973,0.031819438,,,0.001367461,0.33531347,,0.0163227,,,,,,,,,,0.009650649,0.302949681,0.020106084,0.077559589,,0.059546604,,4.11E-05,6.05E-05,1.66E-05,,,,,,,1.79E-05,,2.22E-05,,,4.53E-05,,,,0.035919394,,,,1.76E-05,0.007769597,0.004208589,,,,,0.000524015,0.000288907,,,,1.08E-05,,1.53E-05,,,1.43E-05,,,,0.000164737,9.20E-06,,,,,,,,,,,,,8.90E-06,0.004832707,,,0.191517957,,,,1.05E-05,7.42E-05,,,,0.056030436,9.21E-05,0.028466692,,,,,0.008357165,9.88E-06,0.04969206,8.29E-05,,,,,,,,,,,,8.98E-06,0.035460838,1.47E-05,,,,3.13E-05,,0.005148077,0.011327185,,,,0.003908629,,,
O,O_M,Mother,11,,0.006573891,0.007854291,0.032794952,0.030246526,,,0.021514017,,0.002472877,,0.009159347,,,0.002103028,0.095448806,0.007142414,1.04E-05,,0.003739904,,,,9.31E-06,0.027434718,0.00500114,1.62E-05,,0.075427897,0.106523763,0.026615615,1.21E-05,,6.26E-06,0.000185593,6.75E-06,,,4.31E-05,,,,,,,,,,1.36E-05,8.25E-06,,8.26E-05,0.009132244,,3.61E-05,,6.39E-05,,,,,,8.89E-06,,8.61E-05,,,,,,6.18E-06,1.35E-05,6.14E-06,,4.69E-05,,0.000561768,,,,0.006156424,,,,7.14E-06,,,,,,0.029656063,,0.02764875,1.12E-05,,,,,,,1.42E-05,,,9.86E-05,0.008594092,2.39E-05,,,,,,,1.55E-05,0.006149347,0.000125868,0.000118869,0.000224735,0.00479939,,,,4.96E-05,2.59E-05,,,,,,,,,1.82E-05,7.30E-06,,,0.011886842,,,,,,0.000297717,
O,O_C,Child,11,,0.019640656,0.020604378,9.12E-06,2.93E-05,2.46E-05,,,1.48E-05,4.10E-05,6.62E-05,0.027217548,,,,0.014239131,0.035462308,5.74E-05,0.000371304,2.82E-05,,,,,,,0.000117952,4.84E-06,0.001887959,0.010495001,0.000228519,,0.000141883,,4.69E-06,5.75E-05,,,,4.11E-06,,,1.50E-05,8.16E-06,2.29E-05,3.73E-05,1.05E-05,,0.000270877,,2.73E-05,,0.027610864,,,,,,,1.10E-05,,,,7.83E-06,0.000931522,,,0.000117375,,,7.62E-05,,,,5.82E-05,,,2.99E-05,,1.11E-05,,,,7.11E-06,9.29E-06,,,,,2.09E-05,,2.65E-05,,2.39E-05,,0.000179156,,,,1.11E-05,0.000207684,2.57E-05,,0.000449156,0.023043689,1.94E-05,0.000111091,6.26E-06,,,,,6.46E-05,0.022066706,3.88E-05,,0.000383387,,0.00023631,4.46E-05,,,,,,,,2.93E-05,0.000867754,,,6.07E-05,4.11E-05,5.32E-06,,0.058933807,5.06E-06,3.57E-05,,,,9.21E-06,
P,P_M,Mother,12,,0.002259053,0.002764308,0.005439638,0.098536924,,3.24E-05,0.00865202,,0.017059331,5.83E-06,0.002856397,,0.000242622,0.001523947,0.084702163,,,1.99E-05,,,,,,0.001056529,,,,0.133866836,0.184986698,0.007131149,5.56E-06,,,0.006923186,4.44E-05,4.78E-05,5.92E-06,0.001016717,0.000701147,6.13E-06,,,,4.34E-06,,,9.45E-06,8.61E-06,3.40E-05,,4.23E-05,0.003060261,,0.000699485,,,,,,,,,,,,,,4.55E-06,4.78E-06,2.17E-05,3.64E-05,,5.44E-06,0.0001576,,,,5.66E-05,,0.003078655,,,4.69E-06,0.000129541,,,,2.68E-05,,0.00253467,1.19E-05,0.002517996,,,0.022416381,,,,,4.25E-05,5.48E-06,,0.002473278,0.004676501,,,,6.83E-06,,0.000118176,,1.59E-05,,0.000267507,4.44E-06,6.48E-05,0.020533194,,0.000135922,,4.05E-05,,0.00584426,0.002891745,,4.09E-05,6.85E-06,,,4.98E-06,,9.56E-05,,,,,,5.65E-06,,,,
P,O_C,Child,12,,0.083637877,0.091595471,,0.211957115,,2.74E-06,,5.59E-06,,2.73E-05,0.073994766,3.45E-06,4.61E-06,,0.218738384,,0.015772916,2.03E-06,,,,,2.90E-06,,0.000324732,1.01E-05,,0.398245613,0.004282388,,,1.228222361,,0.004477504,6.40E-05,8.42E-05,8.84E-06,,,,,2.28E-06,,5.90E-06,2.37E-05,3.02E-06,,3.89E-05,2.94E-05,,,0.121980385,,,,,0.003976784,0.014628911,,,0.027924281,,2.61E-05,2.74E-05,,,0.000272826,,0.000124091,2.30E-05,9.36E-06,,5.14E-06,0.000159282,,,6.66E-06,,1.91E-06,,,,7.20E-05,,,,,,,0.00041337,1.42E-05,0.000906705,6.57E-05,2.94E-06,0.075463857,,,1.48E-05,9.84E-05,,2.59E-05,,0.000287766,0.063299168,,0.020347872,0.006849928,,2.82E-06,,0.008926331,5.11E-06,0.093512787,3.28E-05,,0.001357682,,,6.02E-05,,1.97E-05,,,,0.000284719,,0.445400807,,,,9.85E-06,3.51E-05,3.48E-06,,4.08E-06,2.09E-06,,0.037198378,2.69E-06,0.000325172,2.39E-05,0.000830441
Q,Q_M,Mother,13,8.46E-05,0.000297094,0.000209852,0.009358376,0.085700627,,,0.015040006,,0.001512636,3.38E-05,0.000285887,,,6.57E-05,0.069812068,,5.01E-05,,3.38E-06,,,,,0.01557247,4.54E-06,,,0.123422972,0.055482369,0.033360688,,8.86E-06,,0.000724472,3.96E-06,,6.05E-06,,,,,,9.74E-06,,,,1.17E-05,,,1.02E-05,2.35E-05,0.000251106,,2.32E-05,7.64E-06,8.78E-05,,,,,,,,0.000160564,,,,8.38E-06,,,3.10E-05,3.94E-05,,,0.000101489,4.14E-05,2.03E-05,9.24E-06,,,8.49E-06,,2.34E-05,8.47E-05,,,,,,0.037913991,3.96E-05,0.038136207,,,0.026571343,,,2.49E-05,3.88E-06,0.000101474,4.26E-06,,0.001064338,0.000404765,,,,5.17E-06,1.31E-05,0.000775278,,1.89E-05,0.000352521,4.83E-05,,0.000728889,0.005832483,,0.000311305,4.64E-06,3.10E-05,,0.011442081,,6.87E-06,1.07E-05,,,1.11E-05,5.23E-06,,0.000114993,,,,3.29E-06,9.16E-06,1.63E-05,,9.49E-06,,
Q,Q_C,Child,13,,0.012763315,0.005950521,0.007273509,0.084939754,2.96E-06,1.40E-05,0.005120944,5.08E-06,,7.83E-06,0.013576037,2.57E-06,,,0.026584102,,2.39E-05,,,,,,,0.004721114,,,,0.090906199,0.002872791,0.018877523,,0.05996951,0.000247917,0.019454116,4.70E-05,8.38E-05,3.28E-06,,,,,6.69E-06,,9.07E-06,4.49E-05,5.62E-06,,0.000100642,3.35E-06,0.000238384,,0.019897728,,,,7.50E-06,,1.53E-05,0.000494789,,,,,0.001599193,,0.000321521,0.001591914,,0.000925752,,,,,0.036654812,,,8.59E-05,3.26E-06,,0.006355321,7.85E-06,,,0.000125198,,4.86E-06,,,5.32E-05,0.006500062,4.37E-05,0.00627564,9.15E-05,,0.074673585,,,,9.72E-06,0.000170133,1.96E-05,,,0.030611105,,0.008662754,7.46E-05,,,0.001699673,,8.14E-06,0.020863612,0.000472733,0.143209227,0.014370802,0.00362961,,,,1.92E-05,,0.021523158,3.44E-06,9.91E-06,3.20E-06,0.065954131,0.005813698,,1.93E-05,1.57E-05,0.000159417,3.69E-06,3.53E-05,0.012302065,,0.126787518,,,,0.00192396,0.0038167
R,R_M,Mother,14,0.000206775,,5.18E-06,0.000297307,1.376754485,,,0.000493056,6.68E-05,0.016083127,1.92E-05,,,1.76E-05,7.02E-06,0.091403326,,,,,,,,,0.000293996,,,,0.084477781,0.035182808,0.005430421,,1.81E-05,,0.00034829,,0.000576389,,1.58E-05,,7.38E-06,,,,,,5.21E-06,,,,,2.46E-05,1.08E-05,,1.07E-05,,,,,,,,,,,,,,,,8.20E-06,2.09E-05,0.000103014,,4.40E-05,4.96E-05,9.26E-06,1.06E-05,,,7.90E-05,,,1.21E-05,8.90E-06,,,,,,0.001248966,1.63E-05,0.001013089,9.59E-05,,,,,,,,,,,,2.96E-05,,,,,7.59E-06,,1.76E-05,,8.57E-05,,0.000906624,8.13E-05,,9.27E-05,,4.49E-05,4.81E-06,0.000194365,,,,,,0.000245173,,,9.40E-05,,,,2.42E-05,,,,,,
R,R_C,Child,14,,0.011923438,0.004094614,,8.06323932,,,,,0.00152469,0.002322456,0.019730541,4.17E-06,,,0.229918014,,5.23E-05,3.60E-06,0.055328895,,,,,,0.050375341,0.02585979,,0.212500277,0.005769192,0.030081189,,0.165801135,0.042530158,2.09E-05,4.74E-05,2.52E-05,1.49E-05,,,3.82E-06,3.28E-06,6.19E-06,1.53E-05,1.01E-05,1.76E-05,,,2.81E-05,,,,0.013599737,,,,1.49E-05,,,0.038793146,,,,0.005241354,,,0.07318069,,,,,,,1.28E-05,,,,,1.96E-05,,4.57E-06,,,0.041105885,,,4.42E-06,,2.43E-05,,,9.34E-06,,0.047810303,1.13E-05,,,,3.13E-06,,0.000538734,6.25E-06,,0.004292724,0.042747232,5.78E-05,,,4.70E-06,1.57E-05,,,1.56E-05,0.037708434,0.000136353,0.096507263,0.002237652,,4.78E-06,,5.51E-06,3.07E-05,,,,1.70E-05,,0.255204307,,,2.13E-05,4.60E-05,,,6.64E-06,0.029512092,2.47E-05,0.00497461,2.99E-06,,,,
S,S_M,Mother,35,,0.000373562,0.000308791,0.000212863,0.022077203,,,1.06E-05,3.98E-06,0.008579195,0.000117651,0.000553153,,,1.76E-06,0.013342065,0.007801508,1.97E-06,7.42E-05,,,,,1.39E-06,1.59E-05,2.98E-06,2.52E-06,0.002669833,0.116083114,0.043681501,0.000107866,4.29E-06,0.000286839,,0.006667132,,0.009999621,,,,1.48E-06,,,9.18E-06,,9.18E-06,,2.48E-06,2.60E-05,7.85E-06,,0.000120311,0.000429353,,,,2.00E-06,,,,,,,,5.37E-05,,,,,,,,,3.53E-06,5.01E-05,,,1.03E-05,3.24E-06,1.49E-06,,,,,,,,,,5.99E-06,,1.95E-06,0.000340388,8.07E-06,,6.49E-05,,,,,0.000413108,,,0.001261001,0.000278608,1.47E-06,,,,,9.37E-05,,2.18E-05,0.000129546,0.000260805,2.76E-06,0.000102415,3.14E-06,1.29E-05,,,,0.000121154,4.87E-05,,,2.32E-06,5.49E-05,,,,,4.33E-06,,,8.89E-05,,1.43E-05,,,,,2.81E-06
T,T_M,Mother,15,,,,0.001146038,0.167371882,,,0.000155502,0.000122959,0.00156772,4.49E-05,,,4.37E-05,,0.005331661,,,6.55E-05,,,,,,2.54E-05,,8.68E-06,,0.247827788,0.048192782,,,,,0.000797803,,,,2.33E-05,,,,,1.71E-05,,,,,1.18E-05,,,2.46E-05,,,2.13E-05,2.42E-05,8.34E-06,,,,,,,,0.00011813,,,,,,2.34E-05,,,,0.000211602,,,1.00E-05,2.45E-05,,6.55E-05,,,2.50E-05,8.94E-06,,,,,,,7.68E-05,0.00206025,3.26E-05,,,,,8.97E-06,,,1.11E-05,,,,,,,,,0.001816515,,,,,,2.75E-05,,,,,6.78E-05,0.0002456,0.001392531,,,1.97E-05,,,,,,5.16E-05,,,,,,8.38E-05,,,,
T,T_C,Child,15,,,,,,2.17E-05,,,6.29E-06,0.000186905,0.000229944,,,,,,,0.083167443,,,,,,,,,,,,0.004860795,,,1.422647156,1.87E-05,0.00168563,2.52E-05,1.09E-05,,,,3.51E-06,,3.05E-06,,7.66E-06,1.53E-06,,,1.03E-05,,,9.23E-05,,,,,,0.005126198,,8.86E-06,,,,,2.73E-05,,7.31E-06,,2.91E-06,,4.45E-06,,5.83E-06,2.92E-06,1.77E-05,,,9.72E-05,,,,1.12E-06,,0.00045093,5.91E-06,,,,0.000148054,1.36E-05,,2.48E-06,,1.22E-06,,,2.42E-06,,3.79E-06,,0.001261521,2.31E-06,,0.000111776,,,0.039837709,7.12E-05,4.81E-05,,0.002880629,0.046225631,3.21E-06,1.34E-06,3.57E-06,,0.002564158,0.00054247,9.30E-06,,1.59E-06,5.80E-05,,,8.61E-06,,,0.776015329,,,,,0.001198097,4.26E-06,0.05693166,,,,,,,,1.15E-06
U,U_M,Mother,0,,8.26E-05,0.000368949,0.000734482,0.037586337,1.44E-05,4.67E-06,0.001825503,2.38E-05,0.018757999,,,,0.000305508,0.001135106,0.024749134,0.001569535,,,,,,,,0.00016066,,3.57E-05,,0.094187984,0.277340951,0.062583954,,0.000252001,,0.000472604,,,,1.03E-05,6.71E-06,,,1.51E-05,0.000222606,,1.13E-05,6.49E-06,9.67E-05,1.51E-05,2.16E-05,4.46E-05,0.000496727,0.000460827,,1.56E-05,0.001046636,3.53E-05,,,,,,4.71E-06,,0.001426609,,,,,,0.00022693,8.36E-05,9.90E-05,2.95E-05,0.000738759,,0.000357406,0.000137749,2.26E-05,0.000102224,0.003647216,6.07E-06,8.47E-06,,,,,,0.000153518,,0.003277883,0.00021453,0.003531815,9.98E-05,4.98E-05,0.031479259,,,,4.34E-05,0.001926813,2.63E-05,,,0.00047865,7.22E-05,,4.06E-05,1.90E-05,1.11E-05,0.003145814,,6.82E-05,0.000154192,0.005811109,,0.001246316,0.017148475,,,2.50E-05,0.000204788,3.58E-05,0.00372009,1.32E-05,8.70E-05,2.65E-05,0.000423094,,,3.33E-05,,0.000504609,0.000165888,9.58E-06,7.94E-05,1.97E-05,,2.91E-05,,,3.38E-05,
V,V_M,Mother,0,0.000493998,0.004407887,0.006532539,0.000718251,0.038927364,,,0.001008738,,0.001052094,5.89E-06,0.005593988,,,0.000171266,0.020822219,4.87E-05,5.95E-06,,0.018970204,,,,0.00124524,0.000651435,0.021556041,5.99E-06,,0.034634347,0.046082337,0.001300929,4.16E-06,3.36E-05,,0.000238804,0.000152743,1.72E-05,,3.42E-05,3.60E-05,1.11E-05,,,3.98E-06,9.36E-06,,,5.48E-06,5.82E-06,,,0.000941442,0.005961321,,2.27E-05,,,5.04E-06,,2.38E-05,,,,,0.000139637,,3.44E-06,,,,7.20E-06,1.32E-05,,5.73E-06,6.50E-05,,4.44E-05,6.81E-06,7.63E-06,,0.000245108,,,,,,,,,1.99E-05,,3.08E-06,0.002419867,,,,1.50E-05,,,0.000939775,0.000166128,3.55E-06,,,0.005112991,4.19E-06,5.25E-06,2.46E-05,5.57E-06,,,,,0.005170619,1.01E-05,0.000684141,0.000113574,5.87E-05,,0.000111052,,,6.90E-05,0.000410659,,,8.36E-06,8.29E-06,,1.40E-05,1.48E-05,0.001633893,3.19E-05,,,0.016892931,3.73E-06,,6.87E-05,,7.87E-06,,
W,W_M,Mother,0,,0.000483587,0.000601187,0.213441075,0.002141369,,3.06E-06,0.001338601,,0.01887309,,0.000591288,1.31E-05,0.000309431,0.001674276,0.01811117,0.001772683,9.14E-06,4.43E-06,,7.56E-05,,,,0.001197989,,2.60E-05,,0.046995308,0.152438266,0.023654703,,6.24E-06,,0.00081117,1.98E-05,0.048804009,,2.96E-05,,,,3.64E-06,1.89E-05,5.41E-06,,1.41E-06,7.09E-06,,4.28E-06,,0.000100683,0.00077705,2.52E-06,,,,,,1.94E-06,,,,,7.94E-05,,,,4.52E-06,1.23E-06,7.04E-05,3.56E-05,,9.72E-06,,,0.001331274,0.000146755,9.44E-06,,,,,1.55E-05,5.69E-05,,1.29E-06,,8.96E-05,0.000223537,0.068954164,,0.073403708,1.12E-05,4.46E-06,0.015757289,,,,,0.000262998,4.12E-06,,0.002239569,0.000612251,2.40E-05,,,9.13E-06,2.90E-06,0.000137681,0.000167827,6.16E-06,0.000623514,7.09E-05,,0.008873399,,3.57E-06,0.000148378,4.45E-05,1.86E-05,6.18E-05,0.200103645,,4.49E-06,7.02E-06,,,1.58E-05,4.96E-06,,0.000316269,1.14E-05,2.45E-06,0.000240408,2.89E-06,,,,,1.71E-06,
X,X_M,Mother,16,,0.000156963,0.000454052,0.00019496,0.098971123,0.000126568,,0.000174643,0.002514858,0.019006668,2.76E-05,9.72E-06,4.17E-05,,0.001010737,0.375474545,0.004531693,,0.000242395,,,,,,4.37E-05,,3.50E-05,,2.435033834,0.212357205,0.027786798,,,,0.000571929,,7.21E-05,6.22E-06,0.000202277,0.000107096,,5.08E-05,1.62E-05,2.86E-05,2.08E-05,,8.76E-06,4.20E-05,3.48E-05,3.12E-05,0.000272946,0.001390787,0.000243668,,0.000154868,,0.000122535,,,,,,,,0.005784016,,,,,,,6.51E-05,0.000537446,6.89E-05,0.001515591,,0.000156297,,0.000224264,,0.000191329,7.67E-06,,,9.74E-05,,1.15E-05,,1.92E-05,,0.103119073,9.17E-05,0.088223442,9.17E-05,1.94E-05,0.745221713,,,1.28E-05,1.94E-05,5.07E-05,3.43E-05,,0.004857457,6.24E-05,6.50E-05,,,2.01E-05,,,,2.98E-05,0.000310853,0.000152344,,8.30E-05,,,0.000748746,,0.00021335,6.27E-05,0.000168013,,1.35E-05,,,,,,,0.000239053,,2.10E-05,9.37E-06,3.33E-05,,,,,1.44E-05,
X,X_C,Child,16,,0.002176031,0.002955286,,0.069934182,0.000446026,,,3.53E-05,0.026403743,1.72E-05,0.003234529,,,,0.028222631,,3.19E-06,,,,,,,,1.12E-05,2.64E-06,,0.086938772,0.025573519,,5.89E-06,0.000136906,9.98E-06,0.000853958,6.32E-06,1.34E-05,,,,,,,4.24E-06,,1.38E-05,9.91E-06,,4.20E-05,1.41E-05,1.87E-05,,0.003784029,,,,,,,9.50E-06,,3.70E-05,,3.82E-05,,,1.43E-05,,,,1.26E-05,2.85E-05,,2.99E-05,,,,,,,,,,6.57E-06,1.95E-05,,,,,,0.020978721,2.95E-05,0.022941721,,,0.109880974,,,,,9.66E-05,1.05E-05,,,0.004200268,3.10E-05,2.70E-05,,,,,,4.18E-06,0.004133405,3.82E-05,,3.99E-05,,,0.001020996,,,,,,4.43E-05,,0.00011985,,,3.12E-05,,,,3.72E-05,0.002109823,6.79E-05,,,,7.90E-06,,5.99E-06
Y,Y_M,Mother,17,,0.004383765,0.00508877,0.000573664,0.022566713,,,0.000732772,,0.008722085,,0.005974785,,,0.000539648,0.00923116,,0.001296964,3.41E-06,0.000127058,4.37E-05,,,4.15E-06,0.000250677,,4.89E-06,,0.026151903,0.108571616,0.015969499,,0.01429507,1.95E-06,0.007763594,5.22E-06,0.000128144,,2.50E-05,5.39E-06,1.38E-06,,1.34E-06,8.69E-06,,4.92E-06,,1.93E-06,8.20E-06,0.000105523,,0.000204096,0.006183364,,3.17E-05,,4.47E-05,,,,,,,,0.000102323,,,,3.72E-06,3.97E-05,,3.26E-05,0.00011787,6.92E-06,,,0.000232891,,3.97E-06,,0.000381253,,3.36E-06,2.53E-05,2.92E-05,,,,1.88E-06,0.000230366,0.026534127,,0.026173048,1.38E-05,3.50E-06,0.005812819,,,2.58E-06,,8.22E-05,7.66E-06,7.37E-06,0.004363659,0.005648626,,0.000138703,3.92E-06,6.30E-06,,,0.000668921,5.78E-06,0.00546131,0.000414069,1.58E-05,0.000470667,0.001285222,,0.001120655,2.07E-06,,6.44E-06,0.000706722,,7.82E-06,4.76E-06,0.008353795,,,7.61E-06,,3.65E-05,5.64E-06,3.86E-05,0.003354322,,,1.64E-06,,,3.84E-06,1.79E-06
Y,Y_C,Child,17,,0.004417398,0.006487054,,0.000147395,,,,,0.0139441,,0.006037241,,,,0.245342621,0.086020309,1.63E-05,1.07E-05,,,,,,,,3.48E-06,,0.114311125,0.098157503,0.109106846,8.78E-06,7.15E-06,,0.000973742,2.15E-05,0.018890633,,,,3.73E-05,,2.00E-05,6.18E-05,2.01E-05,6.97E-06,,,4.23E-05,6.61E-05,1.18E-05,,0.006798921,,,,3.44E-06,6.76E-06,,,,,,,7.50E-05,,,,1.61E-05,,,,,2.68E-05,,,,7.98E-05,,7.81E-06,,1.20E-05,,,8.61E-06,,,,7.05E-06,3.72E-05,0.177005597,,0.171619448,2.23E-05,,0.114357328,8.54E-05,,5.28E-05,,,0.004250823,4.78E-06,0.009056951,0.007851009,0.000129153,,,1.82E-05,5.65E-06,,,6.18E-06,0.007625819,0.000283418,,0.014843079,,7.42E-06,,,7.07E-05,,,,1.60E-05,3.49E-06,7.07E-06,,,,9.38E-06,0.001029516,3.32E-05,5.26E-06,0.004567205,,,,,,,
B_Z,Z_M,Mother,18,7.25E-06,0.022825513,0.021357777,0.002243849,0.000590514,,1.64E-05,0.002560254,4.59E-05,0.035464354,0.000144301,0.024264623,,1.47E-05,0.001238543,9.90E-07,,1.08E-05,3.11E-05,,,,,,0.001609876,1.24E-06,,,0.06955351,0.120049692,,,,,0.001209801,1.93E-05,7.66E-06,1.73E-06,3.85E-06,2.01E-05,,,,1.04E-05,,,1.36E-06,9.79E-07,,4.65E-06,1.37E-06,0.000177078,0.028207497,,1.63E-05,,4.22E-05,,,,,,,,4.93E-05,,,1.56E-06,,,3.25E-05,1.59E-05,,5.78E-06,0.000108822,1.12E-05,0.000733376,1.19E-05,2.87E-05,,0.001839298,,1.22E-06,,,,,,3.99E-06,,0.007163529,0.00233697,0.007794909,4.04E-05,6.70E-06,,,,7.77E-06,,0.000113042,9.08E-06,,0.001560399,0.033001604,,,,1.49E-06,1.72E-05,5.83E-05,,,0.035991881,2.54E-06,1.04E-06,0.001613238,0.008996955,1.18E-06,,2.34E-06,1.18E-05,3.08E-05,0.003153088,4.78E-06,,2.84E-05,,,,1.93E-05,1.90E-05,5.08E-05,5.21E-06,,0.017833499,,,0.000137755,0.04897535,,3.27E-06,
B_Z,Z_C,Child,18,0.000397207,0.005614021,0.005274679,,8.95E-06,0.00128041,3.21E-05,,,0.000272909,0.000140686,0.007787947,,,,9.94E-06,,0.05100914,,,0.000312643,,,7.72E-06,,,,,1.05E-05,0.014698296,,,0.018376128,,0.001527752,0.001026547,1.26E-05,0.000133013,,,,,,,,3.02E-05,,,3.99E-05,,,,0.005606541,,,,,,0.002021818,,,0.000128064,,0.000118036,3.72E-05,,,0.002959055,1.86E-05,4.50E-05,,,,2.18E-05,3.64E-05,,,2.05E-05,,,,,,,0.000157196,,,,4.78E-06,0.000133743,0.00123214,,0.001351011,2.81E-05,9.80E-06,,,,,,0.003206144,,,,0.021833281,0.00052947,0.089434071,0.174899271,,,,0.070213238,1.13E-05,0.01557403,0.000386177,,0.006848367,,0.000180393,,,5.23E-05,,,,,,0.025313663,0.039001382,,1.20E-05,0.000110359,4.01E-05,3.04E-06,0.025060862,0.090110002,7.33E-06,,,,,0.000484042,0.03852104
B_AA,AA_M,Mother,19,0.001203821,2.34E-05,2.79E-05,0.000568753,0.408695165,,,,1.27E-05,0.006810084,,2.65E-05,,,0.000278612,0.243147607,0.000102601,,2.98E-05,,,,,2.11E-05,3.82E-05,,1.56E-05,,0.12521086,0.092015926,0.063081571,,5.51E-05,,0.015101897,,6.05E-05,,0.000802797,0.00012402,,,6.83E-06,,,,1.18E-05,6.26E-06,1.27E-05,,1.75E-05,5.48E-05,2.87E-05,,7.70E-05,,7.97E-05,,3.87E-05,,,,,,0.000150064,,1.21E-05,,4.25E-06,5.25E-06,,,,2.53E-05,0.000365845,,6.40E-05,,,,,,,,,,,,,4.15E-05,,1.81E-05,0.061234123,,,0.179515726,,,4.75E-06,6.75E-06,4.93E-05,4.88E-06,,0.001639478,5.68E-05,,1.40E-05,4.43E-05,5.43E-06,,0.003220149,,1.31E-05,3.52E-05,0.000522025,6.68E-05,0.001721968,,,0.00020608,,3.26E-05,0.002080077,,,,9.72E-06,2.82E-05,,,,,7.95E-05,9.85E-06,,,,6.87E-05,,7.62E-06,,,6.95E-06
B_AA,AA_C,Child,19,,2.27E-06,,,5.61E-06,0.024836306,,,,0.000519381,0.00075918,,,,,1.25E-05,,0.005558569,2.69E-05,,,,,,,,,,,1.52E-05,,,0.779119367,,0.000526774,3.72E-05,,,,,2.13E-06,,,0.000115799,5.26E-06,3.95E-06,2.56E-06,,1.40E-05,,,,,,,,,0.000834836,0.207838022,,,0.116050763,9.47E-06,0.003281066,0.000256899,,4.06E-06,0.145227546,,,2.21E-06,1.61E-05,4.00E-06,,,,,7.39E-06,,8.85E-05,1.97E-05,,,,5.55E-05,,,,2.14E-05,,,6.35E-05,,,,,,,3.68E-06,,0.000288075,,,,3.55E-05,0.00019109,0.726860385,,,7.08E-06,,0.121902047,9.30E-06,,0.000207386,,0.000817674,,1.48E-05,,,9.70E-05,,,,1.78E-05,,2.326042791,1.324738018,,3.32E-06,,,,,,2.11E-06,,,,,,0.204758529
B_AB,AB_M,Mother,20,,0.007629086,0.009603532,0.000116736,0.01276746,,,0.00016237,7.93E-06,0.00192965,9.54E-06,0.013804701,5.48E-06,3.11E-05,1.72E-05,0.02950669,,1.42E-05,,6.56E-05,,,,3.80E-06,0.000144425,5.48E-05,,1.12E-05,0.04298664,0.014989443,0.016305514,,0.034532101,,0.000301918,1.17E-05,0.000124651,,1.33E-05,1.45E-05,5.27E-06,,,1.07E-05,,5.02E-06,,,5.55E-06,5.36E-06,,1.57E-05,0.031578028,,3.00E-05,,3.42E-05,,,,,,,,,,,,,1.43E-05,5.28E-06,1.79E-05,,,5.72E-05,,1.04E-05,3.09E-05,,,5.17E-05,,,1.39E-05,2.95E-05,,,,,,,5.40E-06,0.001421955,1.54E-05,,0.058905928,,,,,7.82E-05,6.13E-06,,,0.030690927,2.03E-05,,,,4.48E-06,3.17E-05,,,0.021244353,0.000958003,,0.001073831,,1.30E-05,0.000230623,,,7.04E-06,0.00013522,,,,0.021166059,,,4.72E-06,,1.98E-05,,5.31E-06,,1.01E-05,,,,,,
B_AB,AB_C,Child,20,,0.048248909,0.051285076,,,0.038520374,,,3.97E-06,,,0.05363972,,7.86E-06,,1.03E-05,,0.075816547,9.87E-06,,,9.04E-06,8.79E-06,2.48E-06,,,2.48E-05,5.60E-06,2.15E-05,0.019498513,,,0.156928925,0.000726434,0.000628236,0.00067743,0.000470014,,,,,,3.06E-06,7.13E-06,2.05E-06,1.57E-06,6.60E-06,,4.08E-06,3.91E-06,5.54E-06,3.19E-06,0.064753314,,,,,,0.000550102,0.108107544,,0.002565178,,0.002758167,0.082234868,,0.00074739,0.004246523,,0.000232114,2.90E-05,1.72E-05,0.001816289,7.84E-06,3.61E-05,,,6.59E-05,0.102398242,,4.82E-06,,,,1.35E-05,,,,3.97E-06,,0.002691882,,0.002794663,0.0003142,1.38E-06,,1.55E-06,,3.50E-06,,0.000254638,2.39E-05,,0.001075765,0.105829562,,0.011731283,0.009245609,,,,0.078798146,,0.099001209,0.000192025,0.02797989,0.000675608,0.000191398,,,1.46E-06,,,,,9.11E-06,0.101161206,0.222742454,0.022799536,,0.081629568,0.033398388,3.11E-05,2.34E-06,3.61E-06,0.047524658,,0.035202743,0.076949092,,,1.95E-05,0.005329212
AC,AC_M,Mother,0,,0.052600031,0.057079742,0.002484408,0.150952392,,,0.003226116,,0.039959128,3.58E-05,0.05557366,,,0.000102301,0.074091434,0.001117689,0.013112696,,,,0.00013919,0.000263182,,0.00277717,2.22E-05,,4.15E-06,0.298153904,0.246709004,0.030190792,,0.000531898,,0.001263082,0.001082938,5.83E-06,,2.59E-05,4.22E-05,2.19E-05,,5.12E-06,4.05E-05,,,,,,,9.34E-05,0.000121562,0.068980367,,,,2.92E-05,,2.77E-05,1.33E-05,,,,,0.000244773,,,,,0.000938021,,4.09E-05,5.48E-05,,0.000565574,,3.87E-05,2.72E-05,2.09E-05,,,4.95E-06,,4.99E-06,2.54E-05,,,,0.000163393,,0.132577095,3.64E-05,0.125189672,,,0.085286639,6.49E-05,,6.68E-06,3.16E-05,1.82E-05,,,,0.111686196,0.000105495,1.03E-05,,7.03E-06,3.97E-06,0.001537434,,1.06E-05,0.109273159,4.48E-05,1.14E-05,0.001704612,,,0.001472567,,,,,1.28E-05,,2.79E-05,0.000366168,,,3.57E-05,,3.48E-05,2.14E-05,3.68E-06,0.000130989,,8.42E-06,2.79E-05,,1.64E-05,,8.41E-06
AD,AD_M,Mother,0,,0.058000669,0.054357566,0.002813015,0.158932421,,,0.003241832,3.28E-06,0.043733023,,0.058370243,,,6.30E-05,0.076372938,0.001132956,0.010177298,,,,0.000137746,0.000246952,,0.003013804,6.15E-05,,4.33E-05,0.302765579,0.264624774,0.02983936,,0.00056407,,0.001282734,0.000946097,8.94E-06,,3.18E-05,3.86E-05,,,,3.05E-05,,6.74E-06,,,3.71E-06,6.94E-06,7.72E-05,0.000170096,0.069146866,,,,3.30E-05,,1.56E-05,,,,,,0.000201715,,,,,0.000863007,,3.46E-05,4.47E-05,,0.000452842,,3.54E-05,2.18E-05,1.90E-05,,,3.45E-06,,3.42E-06,2.83E-05,,,,0.000117444,,0.121627842,3.45E-05,0.130202853,,,0.084331437,5.31E-05,,3.11E-06,2.57E-05,1.52E-05,,,,0.118644606,8.78E-05,2.54E-05,3.93E-06,5.15E-06,3.21E-06,0.001629795,,1.84E-05,0.1134564,3.84E-05,3.18E-05,0.001577786,,,0.001253737,,5.80E-05,,,3.07E-05,3.55E-06,2.16E-05,0.000294252,,,3.26E-05,1.48E-05,2.60E-05,2.10E-05,,0.000125681,,3.65E-05,2.88E-05,,3.97E-05,,8.24E-06
B_AE,AE_M,Mother,21,0.000102946,0.001368132,0.001686021,0.002719947,0.911002356,,,0.004040066,,0.015037928,,0.001919128,,,1.13E-05,0.102651429,0.004769101,,3.94E-06,,,,,3.91E-06,3.31E-06,,5.50E-06,,0.449170267,0.107558565,0.293433031,2.46E-05,0.005666482,0.004494548,6.84E-05,,5.50E-05,,0.000164018,0.000235072,,,7.21E-06,2.23E-05,,,6.04E-06,3.73E-06,,,5.21E-05,0.00016501,0.001980939,,0.000131294,4.94E-05,,,6.34E-06,0.004134391,,,,,0.002672502,,0.004295602,,,1.57E-05,7.70E-05,,,0.000105973,0.000835447,3.50E-05,,,0.000378744,,0.00181345,1.22E-05,,,,0.004296922,,,1.42E-05,,0.025021682,7.93E-06,0.028791514,0.002265335,,0.145966771,,,7.52E-06,,5.72E-05,3.67E-06,,0.000531735,0.002207629,3.93E-05,,,,,,,,0.001981643,8.73E-05,,0.001473106,0.002556952,,0.000258845,,5.68E-05,0.001122715,0.003219115,,,0.000434028,0.005674904,,2.77E-05,1.65E-05,2.94E-06,2.89E-05,6.78E-06,4.37E-06,0.00346677,,,,,,0.001014079,
B_AE,AE_C,Child,21,5.34E-06,0.060672529,0.059204007,3.08E-06,6.22E-06,0.001943417,,2.30E-06,3.63E-06,0.000189754,,0.061164031,0.003630455,,,,,0.000186262,1.21E-06,,0.004281847,,,8.13E-07,5.33E-06,,,,0.142881862,0.000755908,0.131899485,,0.203115516,0.128449406,0.007015217,0.000421303,9.68E-06,1.59E-06,,1.91E-06,,2.48E-06,2.60E-06,0.002750826,,3.29E-06,,0.00067428,3.15E-05,0.000102228,,,0.06322169,,,,,,0.000372129,0.181371941,,,,0.000131343,0.130155373,,0.124800435,,8.19E-07,,,,,2.66E-06,1.72E-05,1.60E-06,,8.16E-05,0.015247937,,2.47E-06,,,,,0.154939125,,9.70E-07,,5.19E-05,0.00291289,2.66E-06,0.002882585,0.048879989,1.82E-06,0.080782093,3.93E-05,,,,0.000381004,1.78E-06,,0.000137726,0.082669841,0.000280148,0.006052699,,,1.18E-05,,,1.38E-06,0.075148982,4.77E-05,0.012965226,0.003052053,0.000910274,1.18E-05,,,,0.000238976,3.82E-06,,2.01E-05,0.014550674,0.218220276,,,0.000436539,0.000184635,3.59E-05,5.71E-06,0.003034688,0.148112632,1.24E-06,0.018914684,1.25E-06,0.012424934,,2.12E-06,0.000103951
B_AF,AF_M,Mother,22,2.69E-05,0.040694245,0.041591444,0.010861867,0.015468315,,,0.019033011,1.37E-06,0.004608595,2.80E-06,0.040540771,1.89E-06,,0.000178642,0.031436342,0.005577396,8.80E-05,2.76E-06,,,,,,8.13E-06,,0.042748266,0.020433158,0.060357049,0.037021755,0.014076688,,0.1603262,0.027562081,0.00079985,,0.000170852,1.63E-05,1.97E-06,2.39E-06,2.51E-05,,,1.17E-05,1.22E-06,5.95E-06,,1.42E-06,1.69E-05,0.000293651,5.10E-06,9.29E-05,0.046944368,1.52E-05,1.98E-06,,,0.096919798,,0.036601552,,,,,0.024461298,,0.028829625,,,7.00E-06,0.000177838,1.47E-05,,3.55E-06,,1.64E-05,,9.62E-06,0.002623083,,,3.28E-06,,0.01512476,4.13E-05,0.038542067,1.57E-06,,,,0.005112055,2.93E-05,0.005731456,0.017072181,,0.002062443,4.44E-05,,2.50E-06,1.66E-05,0.000119543,1.98E-06,,0.000389068,0.081884839,0.000106738,0.000125601,3.91E-06,7.71E-06,6.08E-06,0.000289055,,3.61E-05,0.077271617,0.000155646,0.10667877,0.000679995,0.002170514,4.91E-06,0.000246912,,1.84E-05,0.000230945,0.012062449,,1.70E-06,0.002814959,0.243545158,,,0.013312527,,1.66E-05,,1.88E-06,1.42E-06,8.99E-06,0.036017163,0.023362644,,,1.49E-06,
B_AF,AF_C,Child,22,1.34E-05,0.022119892,0.023517275,5.12E-06,0.000251203,,,3.00E-05,2.45E-06,1.37E-05,8.01E-05,0.029690602,,,,0.000127867,,6.26E-05,4.82E-05,0.066022961,,1.54E-05,,,1.41E-05,0.062602979,1.65E-05,0.044197072,3.98E-05,1.81E-05,,,0.125555575,0.102246629,0.003729701,0.000378128,0.015170434,,,,,,,9.82E-05,7.42E-06,6.28E-05,,,0.000383215,5.20E-05,,,0.026376308,,,,,,,0.064993062,,,,,0.000114937,,,,,4.77E-06,0.000176886,,,4.98E-06,3.80E-05,1.08E-05,,2.04E-05,,1.38E-05,,,,8.43E-06,1.20E-05,,,,,2.51E-05,0.000974358,1.28E-05,0.000972032,0.019003977,,9.99E-06,,,,8.21E-06,8.73E-05,2.95E-05,,0.000329342,0.023996201,,9.79E-06,,,,2.97E-06,7.15E-06,8.12E-06,0.018683253,0.000141301,0.033029006,0.001258636,,0.000243154,,,1.95E-05,,6.11E-06,,4.68E-06,,0.118293124,,2.52E-05,0.000133326,0.000194467,0.000251557,1.18E-05,5.20E-06,0.096338748,,,,,,1.98E-05,
B_AG,AG_M,Mother,23,4.44E-05,0.001845173,0.002238077,0.002151013,1.534214207,,,0.000858827,,0.008990131,0.000185919,0.002504111,1.19E-05,,0.000168298,0.498165331,,0.000685975,1.35E-05,5.43E-05,,,,,0.000606507,,,,0.448288399,0.050819923,0.000348444,,,,0.000846982,,,,,2.23E-05,2.02E-05,,,4.22E-05,,,,,,,,3.85E-05,0.002583512,,2.04E-05,,3.03E-05,,,,,,,,0.000146781,,,,,,9.85E-06,1.82E-05,1.36E-05,9.69E-06,0.000462602,3.59E-05,2.48E-05,3.77E-05,8.01E-05,,0.000205968,7.66E-06,,,6.30E-05,,,,,8.76E-05,0.030332101,0.000127502,0.030764793,1.55E-05,,0.093452732,,,,,7.56E-05,,,0.00011236,0.003660379,1.84E-05,,,,,0.008168842,,1.94E-05,0.002971037,0.000323974,0.00389973,0.012409735,,,,,0.000222235,0.0012004,0.0025375,,,0.000113489,,,0.000153002,1.12E-05,0.001673709,1.13E-05,,,0.001647914,2.59E-05,,0.00030415,,,,
B_AG,AG_C,Child,23,0.000315821,0.06773147,0.071994613,,7.41E-06,2.22E-06,,,5.55E-06,0.008021969,0.001161231,0.07535811,1.47E-06,,0.008033781,,,0.029457711,5.16E-06,,,0.000494791,0.00070214,,,,2.82E-06,,2.44E-06,0.006196037,4.01E-06,,0.000999779,3.49E-06,0.000535459,0.004486545,0.000112242,5.14E-06,,,,,4.34E-06,,1.46E-06,5.29E-06,2.53E-06,,6.15E-05,,,,0.085549209,,,,,1.26E-05,3.45E-05,,,,,2.69E-06,6.57E-06,,2.32E-06,6.81E-05,,0.000404608,,1.17E-05,,6.83E-06,,,,4.81E-05,,,1.91E-06,,,9.80E-06,5.69E-05,,,,1.10E-05,3.06E-05,0.00091544,,0.000925202,,4.92E-06,,,,,,0.013734078,,,,0.14099623,,0.002359364,9.80E-06,,1.88E-06,,0.030004093,4.86E-06,,7.25E-05,,0.003597448,2.22E-05,1.88E-05,,,1.60E-05,,,,,2.12E-06,0.000876362,0.000181354,,,,0.000195191,9.89E-06,0.028780478,2.134792901,,,2.73E-05,3.06E-06,,6.21E-06,9.76E-05
B_AH,AH_M,Mother,24,,4.53E-05,4.85E-05,1.12E-05,0.05948432,,,2.71E-05,4.05E-05,0.002054778,,5.93E-05,,2.45E-05,1.57E-05,0.066313431,,,1.72E-06,3.40E-06,,,,,7.35E-06,9.08E-06,5.68E-06,,0.090499567,0.021546736,0.001268542,,,,0.000546945,,3.99E-06,1.73E-06,,,2.05E-06,,,,1.48E-06,8.10E-06,,7.85E-06,1.36E-05,,2.58E-06,3.30E-06,5.30E-05,,,,1.59E-05,,1.78E-06,,,,,,6.85E-05,,,,,,,,,1.12E-05,0.000102566,,6.42E-06,,2.95E-06,,,,,1.76E-06,,2.84E-06,,,,,0.022041112,1.34E-05,0.022875337,8.58E-06,3.19E-06,0.004381537,,,,,6.64E-05,2.06E-06,,0.000390506,3.95E-05,,,1.42E-06,1.90E-06,,,,,2.71E-05,,,0.000148448,3.64E-05,2.28E-05,0.000143901,,5.22E-05,0.000329519,1.13E-05,,,2.87E-06,,,,,,2.74E-05,,,,,,,7.35E-06,,,
B_AH,AH_C,Child,24,9.29E-05,0.038360389,0.072408075,9.23E-06,0.100879286,0.001466041,,6.01E-05,1.60E-05,0.007099373,8.89E-05,0.020438876,9.67E-06,,,0.165714687,,5.84E-06,7.69E-06,,,0.008189832,0.016396154,,3.17E-05,,5.38E-05,,0.286574141,0.04888887,,,0.000303768,9.60E-05,0.049117019,0.003105182,0.009769605,,,,6.58E-06,4.31E-06,2.35E-05,,9.32E-06,,3.29E-05,,4.37E-05,6.86E-05,7.34E-05,5.06E-05,0.078769847,,,,9.95E-06,4.55E-06,,0.000151079,0.000143104,4.16E-05,,0.000178278,0.000468388,,0.000124857,,,0.005084497,9.08E-05,5.29E-05,,5.79E-05,0.001503329,4.38E-05,,4.61E-05,,,,9.70E-06,,,0.000381869,,,,5.00E-06,2.82E-05,0.251133124,3.65E-05,0.257038986,5.06E-05,2.20E-05,,2.63E-05,,9.83E-05,,0.000229662,8.54E-05,,,0.077202791,,0.001712845,,,,,,5.79E-05,0.047317305,0.001342397,,0.025058092,,,,,3.81E-05,,4.29E-05,,,0.000135039,0.000315405,,0.0081375,0.00070775,9.91E-05,0.000183221,2.75E-05,0.000239023,0.059551952,1.37E-05,1.21E-05,,0.145193442,,,
B_AI,AI_M,Mother,0,3.08E-06,0.004162847,0.005050821,0.005596809,0.155514182,,,0.00262176,,0.018023744,,0.005859742,,,0.003983314,0.001809289,,1.60E-05,,,0.001528872,,,4.03E-06,,,,3.66E-06,0.008110899,0.016734626,0.01569282,,0.038911637,3.97E-06,0.00035337,,1.91E-06,,4.89E-05,2.93E-05,,,,1.98E-05,,1.95E-06,7.16E-06,,,5.73E-06,,5.88E-05,0.006090648,,1.97E-05,,1.80E-05,1.62E-05,,3.29E-06,,,,,2.22E-05,,,,3.96E-06,,3.07E-06,1.48E-05,,2.33E-06,,7.17E-06,,,,,,,,,1.15E-05,,,,,1.63E-05,,,0.006027032,3.90E-06,,0.009083642,0.000106137,,5.49E-06,7.17E-06,4.50E-06,,,1.52E-05,0.004962391,3.48E-06,0.003477035,,,3.19E-06,0.001170767,,2.17E-06,0.004309511,6.69E-05,1.20E-05,0.004054605,,1.93E-06,,,,0.00013545,0.00284583,0.000100853,,,0.017047492,,2.15E-05,0.000425138,,,,,,,1.27E-05,,,,,
AJ,AJ_C,Child,0,,0.007494677,0.007215026,,,,,,1.58E-06,0.001272152,,0.006478671,,,,0.003782064,,0.155451136,8.19E-06,,,,,5.31E-06,,0.000120308,,0.00524189,0.002103744,0.05747671,,7.74E-06,0.184005117,0.003574974,0.001386775,4.62E-05,0.019463902,2.44E-06,,,2.01E-06,,,,9.31E-06,,1.22E-06,,4.15E-06,,4.25E-06,3.54E-05,0.008694366,,,,,0.02229266,0.004227639,,,0.000909769,,0.000409692,5.24E-05,,,0.000371055,,0.000496444,,,,9.26E-06,0.000379094,,,8.17E-05,,4.31E-06,,1.91E-06,,,0.000157898,,1.56E-06,,1.90E-06,,,,4.13E-05,,,0.00175849,,,,,,,,,0.007279204,0.00021549,0.021672844,,1.72E-05,,,0.11876457,1.15E-06,0.010297431,2.64E-06,8.45E-05,0.000796084,0.001770985,4.75E-06,0.000115546,4.29E-06,5.81E-05,,,,,,0.156475699,0.000961625,5.26E-05,,,0.000184159,5.02E-06,0.008009749,1.09E-06,9.76E-06,0.000140987,0.004418307,,0.004723522,,1.00E-05
S,AK_C,Child,35,2.80E-05,0.002385981,0.000342266,1.24E-05,0.000156474,,,2.94E-05,,2.94E-06,0.006251669,0.000541083,,,,3.78E-05,,3.94E-05,,,,,,7.03E-06,3.88E-05,,,,2.04E-05,2.20E-05,,,0.309053026,,0.000377562,,0.000850059,,,,,,,4.93E-06,,,8.31E-06,,3.75E-06,3.73E-06,,3.64E-06,0.00035368,,,,,7.02E-06,,,,,,0.000305342,8.18E-06,,,,,4.15E-06,,4.23E-06,,6.32E-06,5.43E-06,6.67E-06,,,,,,,,,1.61E-05,,,,8.32E-06,,0.005272238,4.93E-06,0.007357241,,5.04E-06,9.04E-06,,,5.96E-06,,0.053579912,1.70E-06,,0.004484469,0.00019974,0.000307284,0.000347627,,,2.22E-06,,6.58E-06,4.57E-06,0.000204805,2.74E-05,,3.30E-05,,,3.27E-05,1.91E-06,,2.60E-05,4.81E-06,,,,0.00125577,,,4.88E-06,,3.41E-06,,,0.000108983,,,,,,3.47E-06,2.62E-05
B_AL,AL_M,Mother,25,17.71304598,,0.000175347,,0.000176695,0.000169903,,0.000215833,,,,,0.275257715,4.023161809,,,,,,,,,,,,,0.000558279,,,0.000668648,0.020131586,,,,0.00024973,,,,,0.000143911,1.29E-05,,,,,0.000606145,1.684373887,,2.37E-05,,,4.16E-05,,,,,,,,,,,,,,,,,,3.09E-05,,,0.000324251,,,,,,,2.554656423,,0.048558023,0.174128958,,0.161483815,,,0.001843988,0.000605193,,,,0.004644821,0.008414019,,0.002266564,,,,5.11E-05,,,,,,,1.08E-05,1.44E-05,,1.87E-05,,,,,,,,,,,,,,,,6.39E-05,0.000418689,,,,3.17E-05,,0.000251275,,,,,,,,,,
B_AL,AL_C,Child,25,,0.001116994,0.001281569,0.001325663,4.320062202,,8.08E-05,0.003213794,,0.001848541,7.87E-05,0.000545173,1.29E-05,,,0.820786113,,9.20E-06,2.30E-05,,,,,3.08E-05,0.006592058,,,2.15E-05,2.154447919,0.334529175,0.113585789,,0.008742105,,0.001829435,,0.167342403,,,,1.75E-05,,,5.08E-05,,6.55E-05,1.64E-05,,0.000168452,2.95E-05,8.58E-06,0.000125887,0.001001383,,,,3.42E-05,8.34E-06,2.69E-05,,,,,,0.00010838,,,2.63E-05,2.80E-05,,,,8.81E-06,5.46E-05,,,,3.65E-05,,,0.002164442,,,,,,,2.56E-05,9.57E-06,2.20E-05,7.17E-05,1.08E-05,0.000286703,,,0.03048976,,,1.44E-05,,0.000118138,0.000948672,,0.001180467,0.001206344,,0.000235947,3.24E-05,,7.44E-06,,1.87E-05,8.30E-05,0.000342981,7.01E-05,0.000173547,,,,8.52E-05,,6.36E-05,,0.002414182,,8.85E-06,,0.001967873,,,1.86E-05,,0.000196901,,1.82E-05,,1.15E-05,8.70E-05,5.87E-06,,,0.000175635,7.18E-05
AM,AM_M,Mother,26,,,0.000761299,,3.61E-05,4.99E-05,,0.007398906,,,,,1.14E-05,0.312397105,,,,,,,,,7.64E-06,,3.97E-06,,0.004536219,,,,0.011130329,,,,,,,,,5.14E-05,,9.75E-05,,,,0.000247187,0.135291029,0.001265287,0.000685274,,,,,7.86E-06,,,,,,,,,1.13E-05,,,,,1.46E-05,,,,,0.002561008,,,,,,,0.237513336,,0.390998868,0.08661089,,0.003054337,,9.32E-06,0.00091037,,,,,0.000407318,0.000603944,,1.06E-05,,,,,,,,,,,,1.06E-05,,1.44E-05,4.13E-06,,,,4.02E-06,,,,,,,,,,,,4.76E-05,,,,2.39E-05,,3.72E-05,,,,,,,,,,
AM,AM_C,Child,26,,2.11E-05,2.18E-05,1.46E-05,0.180292433,,,,4.63E-06,0.006072877,2.15E-05,1.71E-05,,,,0.26261982,,2.30E-05,,0.000176391,,,,,9.83E-06,0.000191371,,,0.284310566,0.011161434,,,0.005950809,1.71E-05,0.000603204,,,,,,5.55E-06,,3.29E-06,2.30E-05,,1.21E-05,7.19E-06,,3.09E-05,1.67E-05,,,2.85E-05,,,,,,9.88E-06,2.74E-05,,0.002230992,,3.69E-06,0.000457002,,,0.000337133,3.88E-06,1.26E-05,,6.84E-06,,2.57E-05,0.000502138,,,2.28E-05,,1.55E-05,,,,,0.000174602,,,,,1.73E-05,0.003599996,,0.003408921,5.74E-05,,0.000223319,0.000122397,,,,0.000788336,5.42E-06,,8.90E-05,2.46E-05,,0.001956453,,,4.91E-06,,1.15E-05,2.89E-05,2.83E-05,0.000218005,1.55E-05,0.000289045,,2.48E-05,0.000388495,,2.86E-05,,1.45E-05,,0.000213398,,0.003362405,,,1.90E-05,,2.33E-05,,,,,2.10E-05,6.97E-05,3.85E-06,7.02E-06,,0.000284267
B_AN,AN_C,Child,0,0.000106999,0.024689881,0.023503958,7.21E-05,1.592480049,0.008045888,,6.29E-05,4.18E-06,,0.000130198,0.026499398,,,,5.616759131,,6.17E-05,3.65E-06,0.001307058,,,,4.44E-06,0.000130108,,0.027355711,6.74E-06,0.776336491,0.018955402,,,0.036795609,,0.002628633,,,,,,,,,2.24E-05,,5.62E-06,3.17E-05,,4.71E-05,,5.42E-06,,0.022363872,,,,,,,,,,,0.000464759,0.000709032,,,0.001602079,,7.32E-06,,2.50E-05,,1.17E-05,1.35E-05,4.80E-05,,2.63E-05,3.44E-05,3.71E-06,,,,0.006176167,,,,,,,0.000127914,4.72E-06,8.86E-05,2.94E-05,0.001824677,,,,,,,,,0.000247146,0.020383183,,1.68E-05,,,0.001107223,,,1.25E-05,0.020692311,6.71E-05,0.000514805,0.035513052,2.66E-05,7.20E-06,,,2.24E-05,,4.01E-05,,,3.85E-05,0.010132089,9.96E-06,,0.010477218,1.09E-05,1.81E-05,4.82E-06,0.004858397,0.008246601,,0.000533416,4.86E-06,,0.018680737,,0.001817017
AO,AO_M,Mother,27,4.086125017,,,,,,,0.000494009,,,,,1.307505427,0.046221496,,,,,,,,,,,,,0.001127448,,,,0.026994544,,,,,,,,,,,,,,,,0.018866702,,,,,,,,,1.38E-05,,0.004325915,0.000708048,,,,,,,,,,,,,,9.19E-06,,,0.004712968,0.003944814,,,0.384734826,,0.045702241,0.184434219,0.00117942,0.035016844,,,7.72E-06,,,,,0.005313663,0.000629198,,0.000152127,,9.83E-06,1.19E-05,2.00E-05,,,,,,,,6.73E-06,,,,4.95E-06,,,6.01E-06,,,,,,,,,,1.02E-05,1.31E-05,,,,,6.83E-05,,,,,,,8.99E-06,,,,4.50E-06,5.72E-05
AO,AO_C,Child,27,,0.020812584,0.022441558,0.001534617,1.83E-05,,,0.003748698,6.82E-06,,0.000202755,0.019922347,,,,9.67E-06,,9.48E-05,,,0.001157067,0.00140468,0.001748892,3.69E-06,0.003537932,,,,1.94E-05,0.008198323,,,0.001678103,,0.012893268,0.000398308,,,,,4.67E-05,,1.62E-05,9.96E-06,2.38E-05,6.40E-05,,,0.000283124,,1.15E-05,,0.026457421,,,,,,,,,0.003012368,,,2.76E-05,,,0.000184228,,0.018736825,2.06E-05,6.86E-05,,8.83E-06,,,,6.54E-05,,4.23E-06,0.003205557,,,,,,,4.19E-06,9.20E-06,1.52E-05,0.0046974,6.48E-06,0.005351956,,,,5.84E-06,,1.25E-05,2.63E-05,0.000490173,0.012407763,,0.005282445,0.041095664,,0.002546165,0.003307577,4.81E-06,,,,1.30E-05,0.042251828,0.000613256,1.41E-05,0.120292624,,0.000106529,3.22E-05,,3.28E-05,,0.004544138,,8.05E-05,,0.001464796,,0.001198768,1.12E-05,,0.001726989,1.65E-05,0.000253786,3.65E-06,,,,,2.74E-05,,0.000308973
B_AP,AP_M,Mother,28,3.326170443,,0.002134774,,0.000133424,0.000290847,,0.009228285,,,,,1.42E-05,0.34980499,,,,,,,,,1.71E-05,,,,0.017168624,,,,0.210674756,,,,2.12E-05,,,,,0.000203433,,,,,,0.00014941,0.026310433,0.022599535,,,,,,,,,,,,,,,,,,,,,,1.95E-05,,,0.000135185,,,,,,,0.177401587,,0.41932765,0.166558768,,0.000263542,,,,6.92E-06,,,,0.001005719,0.000886913,1.08E-05,0.000188651,,6.63E-05,2.24E-05,1.90E-05,,,,,,,,1.13E-05,,0.000189632,,,,,,,,,,,,,,,2.64E-05,4.45E-05,,,,,0.000272865,,0.000222595,,,8.00E-06,1.07E-05,4.87E-05,,,,,
B_AP,AP_C,Child,28,,0.04537462,0.05769398,,0.186148054,0.008394136,,,1.04E-05,,0.000360882,0.031422881,1.12E-05,,,0.004648705,1.322566445,0.000114437,,,,,,,,,,,0.065470024,0.040756417,,,0.001895878,,0.012276979,0.002816544,0.016151765,,,,,,2.24E-05,2.15E-05,2.42E-05,0.000126752,,,0.000197798,0.000107534,,,0.056564571,,,,,,,,,0.002966248,,0.000794465,0.000288963,,,9.72E-05,,,,7.22E-05,1.41E-05,,0.00017078,,,9.76E-05,,,,1.02E-05,,1.61E-05,,,,,,5.12E-05,0.03253906,,0.021554775,,,,,,4.48E-05,1.56E-05,1.64E-05,0.012498345,,0.002427166,0.051159996,,0.000983725,,,,,,3.96E-05,0.038970547,0.000155264,,0.011965849,,0.000220622,,,7.55E-05,0.001179351,,,1.56E-05,,0.000431277,,,0.000251271,,0.000436983,2.99E-05,0.000487825,,,,,,,,
B_AQ,AQ_M,Mother,29,,,8.20E-06,,0.029066183,0.009066622,,0.000107958,,,,,4.12E-05,0.288073627,,,,,,,,,,,5.59E-06,,,,,3.02E-05,0.005116948,,,,0.012259521,,,,,0.013051517,,1.64E-05,,,,,0.001144756,0.000931551,3.93E-05,,,7.33E-06,,,,,,,,4.32E-06,,,,,,1.18E-05,1.51E-05,,,5.64E-06,,,,,4.10E-05,0.00194155,,0.000941588,,0.185745371,,0.025161556,0.014149513,,0.007871292,0.003205535,,0.00243011,0.008418583,0.000943633,,,8.06E-05,7.78E-05,4.40E-05,,,,,1.56E-05,,,,,,,,6.53E-06,,2.27E-05,1.45E-05,,,4.51E-06,1.08E-05,,3.06E-06,,,,,,,,,,1.72E-05,,,,,,0.026747211,,1.17E-05,,,,,,,,
B_AQ,AQ_C,Child,29,1.00E-05,0.021939413,0.021309757,0.000106376,0.268562889,,,,2.59E-05,0.003419393,,0.025620907,,1.75E-05,,0.002624234,0.000616738,1.14E-05,4.48E-06,,,1.02E-05,,7.96E-06,,0.002054402,,0.001633368,0.187151796,0.027890641,0.007268989,,0.002999308,0.005602418,9.34E-05,3.02E-05,1.96E-06,,,,,,,6.55E-06,,,,9.07E-06,,3.13E-06,4.06E-06,3.41E-06,0.023867339,1.71E-06,,,,,0.000128167,,,,,3.47E-05,6.50E-05,,,,1.78E-06,1.04E-05,3.71E-05,4.63E-06,1.15E-05,,5.55E-05,1.34E-05,,4.55E-06,,2.26E-06,,,2.65E-05,,7.64E-06,1.67E-06,,,1.74E-05,8.53E-05,0.008971426,2.12E-05,0.009075896,,,0.003693754,3.27E-06,,3.83E-06,6.75E-06,,4.61E-06,,,0.034900448,2.02E-05,0.002607969,0.002310758,1.13E-06,,0.000623258,,2.16E-06,,,1.03E-05,6.84E-05,0.010359302,,,1.66E-06,3.54E-05,,0.000101219,,0.002327089,,0.001720713,,,0.002662202,1.30E-05,5.87E-05,8.07E-06,,0.013339591,1.71E-06,,,,0.002096964,1.87E-06,0.000743307
AR,AR_M,Mother,30,,0.000474558,0.000437925,0.015742058,0.355970903,1.26E-05,,0.017200972,,0.00545435,9.39E-05,0.000510631,1.00E-05,,0.000220182,0.073333515,0.004915022,7.01E-06,,0.007054935,,,,,8.81E-05,0.008088826,,,0.26618771,0.119713602,0.011135135,,0.00572299,,0.000296611,8.57E-06,,,,,,,,1.30E-05,,,,,1.16E-05,,4.11E-05,,0.000569528,,,,2.99E-05,,4.09E-06,,,,2.68E-05,2.35E-05,0.000151546,,,,,9.05E-06,3.42E-05,6.75E-06,6.47E-06,3.08E-05,0.000451142,,0.00013646,1.86E-05,3.13E-05,,,,,,1.36E-05,,,,,1.71E-05,0.000913154,2.66E-05,,,,0.018371432,,,,,0.000109369,0.001605009,,,0.000633528,2.72E-05,0.002247706,,,6.65E-06,0.000973194,,1.32E-05,,2.81E-05,8.53E-05,0.000633751,,3.71E-06,0.000143509,,3.01E-05,0.000294494,0.014126758,,7.70E-06,2.69E-05,0.00364544,,,0.000150078,,3.30E-05,,,,5.88E-06,,,,,,0.000285188
AR,AR_C,Child,30,,0.009639056,0.010742219,,1.18E-05,,,,,0.020643413,4.74E-05,0.009450592,,,,,,0.003510096,3.62E-05,,,,,,,,,,4.85E-06,0.007919641,,,0.053390194,,0.007900899,4.40E-06,1.38E-05,,,,2.68E-06,,,0.000126887,,,3.85E-05,,1.12E-05,,,,0.012207044,,,,,1.85E-05,0.000362476,,,,,,1.88E-05,,,0.000822117,5.49E-06,0.003785663,,,,,2.13E-05,,,1.11E-05,,1.16E-05,,,2.97E-06,1.22E-05,8.94E-06,,,,,6.68E-05,0.000407304,,0.000309156,5.91E-05,3.04E-06,,,,,1.16E-05,0.000812395,,,0.002973932,0.017753071,,0.020719058,,,,,0.001089338,0.000176579,0.01424715,7.92E-05,,0.007096211,,,0.000569979,,1.47E-05,,,,,,0.048447459,0.011693944,,6.45E-06,,0.00023673,1.90E-05,0.001340613,,,,,,,,0.001015783
AS,AS_C,Child,0,,0.000498422,0.000514043,0.00027233,1.09E-05,5.07E-05,,0.00068081,,0.024056448,,0.000526272,,,0.009232621,0.032054167,,1.20E-05,,,,0.000231207,0.000250795,4.40E-06,3.73E-06,,3.00E-06,1.64E-05,0.02646071,0.126469995,,4.97E-06,0.001822089,,0.001249311,,,,,,,,6.37E-06,,5.57E-06,1.25E-05,4.69E-06,,2.08E-05,,,0.000121149,0.00064089,,,,3.24E-06,4.90E-06,0.000119588,0.000180332,,,,4.65E-06,,,0.000169993,,,0.000387949,3.55E-06,,,6.82E-06,5.40E-05,,,8.50E-05,0.000209424,,0.000349673,,,,3.84E-06,,,8.76E-06,,,0.000679936,2.64E-06,0.000734253,4.16E-05,,5.94E-06,,,,3.72E-06,0.000194938,,1.13E-05,,0.000840506,2.94E-05,0.000117836,0.000218522,,3.23E-06,,1.02E-05,2.35E-05,,0.003100177,,0.006306734,0.103052848,8.90E-06,4.31E-05,,2.27E-05,,0.000499773,,,0.000231419,0.001294729,2.82E-06,0.000277405,,,0.000105505,1.22E-05,0.000245057,0.000370533,,,,,,,6.76E-06
AT,AT_M,Mother,31,3.129633631,,,,0.000104598,8.86E-05,,3.59E-05,,,,,0.247367705,0.054688058,,,,,,,,,,,,,4.99E-05,,,,0.005692414,,,,0.000156844,,,,,0.000231335,,,,,,5.65E-06,0.114992231,0.000378576,,,,1.42E-05,,,,,,,,,,,,,,,,,,,,,1.51E-05,,,,,,,0.258075335,,0.019983405,0.015530466,,5.11E-06,,4.37E-06,,,,,,0.001287483,0.002260942,,2.98E-05,,,,5.75E-06,,,,,,4.21E-06,,3.30E-06,,8.52E-06,,,,1.36E-05,,,,,,,,,,,8.60E-06,6.72E-06,,,,,0.000806822,,0.000215085,,,,,,,,,,
AT,AT_C,Child,31,,0.008583561,0.002818305,,0.231188911,3.29E-06,3.38E-06,,,0.019504643,0.001189352,0.00970758,,0.000225089,,,,2.65E-05,1.99E-05,,8.09E-05,,,,0.000151839,,4.96E-06,,0.341024829,0.020561368,0.012982326,,0.105853324,2.77E-05,0.054571074,3.64E-05,7.32E-06,1.41E-05,,,,,5.55E-06,1.72E-05,,1.46E-05,6.19E-06,1.52E-05,7.67E-05,,1.91E-05,9.36E-06,0.016265747,,,,8.92E-06,,3.43E-05,,,0.06431333,,0.001362473,,,,0.000669725,5.76E-05,,3.41E-05,5.38E-05,3.23E-05,5.66E-06,0.000556142,,,2.20E-05,,,,,,,,,7.72E-06,,,,9.98E-05,,0.000192657,4.21E-05,,0.009818757,,,1.35E-05,8.08E-06,5.71E-05,7.60E-05,,,0.008988671,,0.001903411,,,,,,4.67E-06,0.012378913,1.99E-05,0.008148159,0.015536583,,,,3.17E-06,,,,,0.013985484,,0.036197494,0.007408367,,,8.43E-06,8.89E-06,,0.018926748,0.00606969,,,,,,,0.00043681
G,G_C,Child,36,0.007013317,0.009721371,0.013447421,9.03E-05,4.28E-05,7.32E-05,,0.000263055,3.06E-06,4.03E-06,,0.012845751,3.86E-06,,,0.019792037,,3.16E-05,1.19E-05,0.021758978,,0.001138436,0.001025314,0.000902602,0.000511397,0.029455778,,0.01750302,0.218682485,0.007438879,0.06775908,,0.099220977,0.001692077,0.009529092,3.18E-05,,,,,,3.21E-06,8.57E-06,5.43E-06,,2.17E-05,,4.67E-06,6.33E-05,8.70E-05,2.47E-06,0.00014094,0.016709444,,,,2.67E-06,,,0.027658683,,,,,0.015037305,,0.001628051,7.21E-06,,0.013929659,,1.49E-05,,4.37E-06,0.000846897,,,7.80E-06,1.08E-05,,,,,2.30E-06,0.000200482,,,,2.21E-06,,0.006736138,7.32E-06,0.007692163,0.000530075,2.30E-06,0.018930671,,,8.38E-06,0.001008028,1.82E-05,4.80E-06,,0.003730268,0.009304553,1.64E-05,5.93E-06,4.62E-06,,,,,3.82E-05,0.0114737,0.002198133,8.16E-06,0.000250291,,1.99E-05,0.000108724,5.98E-06,7.56E-05,0.006210821,0.000162196,,,,0.034375379,,0.012700344,,3.59E-05,0.00013077,,,0.019478589,,0.000783356,,,,,4.29E-06
AU,AU_M,Mother,32,,,2.88E-06,,0.000111904,7.78E-05,,0.011536286,,,,,0.37174146,0.148510445,,,,,,,,,,,,,0.014068717,,,5.32E-05,0.03282827,,,,0.000113879,9.68E-05,,,,0.000146509,,6.95E-05,,,0.000227389,0.000143701,0.051443854,2.82E-05,,,,,,1.73E-05,,,0.000211673,0.000276273,3.47E-06,1.34E-05,,,,,,4.67E-05,,,,,,,0.000325782,,,0.000309815,,0.000185338,,0.297502761,,0.353596127,0.077394215,6.60E-05,0.022115003,0.000309674,,0.001509046,0.000377347,,,,0.006886412,0.004129296,,,7.71E-06,,2.22E-05,7.09E-06,,,6.33E-06,1.52E-05,,1.97E-05,,6.28E-06,,5.31E-05,,,,3.91E-06,,,,,,,,,,,,,9.57E-06,,,,0.000181737,,0.000123079,,1.03E-05,,,2.42E-05,,,,,
AU,AU_C,Child,32,,0.019034194,0.023270194,,0.088184143,0.008007492,,,0.000262727,0.007724671,,0.02045201,,,2.09E-05,0.110787943,,7.92E-05,,0.001877762,,2.25E-05,6.37E-05,,,0.00225609,,0.001390018,0.123481387,0.006527194,0.004223981,,0.276394248,0.002016072,0.006405876,,1.71E-05,,,,1.29E-05,,8.16E-06,3.46E-05,,,,,5.19E-05,5.18E-06,,,0.025747585,,,,,,6.36E-05,0.001423518,,,,0.000857081,0.001817827,,0.001245201,,,0.000313046,0.000274371,,,1.05E-05,,,,3.96E-05,,,,,,5.13E-05,1.16E-05,,,,,,0.000453504,5.09E-06,0.000429198,0.001175837,,,,,2.44E-05,1.22E-05,5.80E-05,0.004596338,,0.004419031,0.036798914,8.27E-05,0.039967824,0.012750802,,8.07E-06,0.013127152,,7.80E-06,0.036487323,0.002117744,0.001307203,0.0006584,,,0.000255403,,,,,,3.47E-05,,0.2225479,,9.33E-05,0.002065344,,0.00013388,1.89E-05,0.013676753,,,,,,2.37E-05,0.009043135,6.37E-06
AV,AV_C,Child,0,,6.14E-05,7.24E-05,,0.050665519,,,,1.48E-05,0.013507236,,8.56E-05,,,4.31E-05,0.058602751,,,2.56E-05,,,,,,,,9.99E-06,,0.201794349,0.001223501,0.046549927,,0.000137905,,0.002485705,,,,,,1.28E-05,,1.22E-05,4.43E-05,,9.71E-06,,,4.11E-05,0.000123982,1.09E-05,,8.34E-05,,,,,,,,,,,,0.000203356,,,,4.22E-06,0.000784829,5.55E-06,2.35E-05,,5.23E-06,0.000405275,,3.47E-05,6.68E-05,,,1.84E-05,1.98E-05,4.58E-06,,4.58E-05,,,,,1.64E-05,0.088613726,,0.089223961,,,7.38E-05,,,,4.85E-06,0.000118478,,,,0.000148309,,4.34E-05,1.87E-05,,,0.002997599,,0.000113852,7.65E-05,0.000449434,4.06E-06,0.000648738,,4.24E-05,,,,,,,4.10E-06,2.19E-05,3.02E-05,,,,,9.02E-05,8.24E-06,,9.19E-05,,,,,,,4.37E-06
AW,AW_M,Mother,33,3.835172035,,,,,,,,,,,,0.050188302,0.01769516,,,,,,,,,,,,,,,,1.42E-05,0.000842311,,,,5.30E-06,5.53E-05,,,,,4.62E-06,0.000159193,,,,5.02E-05,0.006771712,0.002410333,5.57E-06,,,,,,,,,4.02E-06,,,,,,,,,,,,,,,1.83E-05,,,,,,,0.05020668,,0.070723623,0.020296773,,,,,,,,,,0.000457769,0.000883324,,1.64E-05,,,,8.16E-06,,,1.51E-05,3.83E-05,,5.25E-06,,1.69E-05,,1.66E-05,5.11E-06,,,,,,,,,,,,,,1.29E-05,9.96E-06,1.68E-05,,,,3.73E-05,,7.75E-06,,,,,,,,,,0.000239765
AW,AW_C,Child,33,,0.112458814,0.145606244,0.001638895,0.000101455,4.19E-05,,3.54E-05,8.24E-06,8.29E-06,3.02E-05,0.15169351,,,,0.000202797,0.030797538,0.000621,,,1.83E-05,,,,,,3.11E-05,3.77E-05,0.000103436,0.041124204,7.31E-05,,0.381254519,2.84E-05,0.125904282,0.000126819,7.86E-05,,,,,,,1.29E-05,,0.000404001,,,0.001562574,1.16E-05,1.21E-05,,0.183536312,,,,,0.000189113,7.48E-05,,,1.98E-05,,,0.002102483,,,0.006089491,,,1.56E-05,,,,1.35E-05,,,0.000103606,,,,,,,,,,,,3.67E-05,0.006912673,,0.008945868,4.19E-05,,,,,,,6.49E-05,,1.39E-05,3.82E-05,0.09333048,4.01E-05,0.007908571,0.009059923,,,,0.000157763,,0.116172277,0.001143393,,0.029546055,,0.000291421,1.78E-05,,0.000140635,,0.002473022,,,,0.146066122,0.005616639,,5.50E-05,2.47E-05,1.32E-05,,,0.042530599,,,,,2.00E-05,,0.003644433
B_AX,AX_M,Mother,34,7.415524942,,0.009096546,,0.047848299,0.10323703,,0.016483939,,,,,0.174401614,0.044841177,,,,,,,,,3.85E-05,,,,0.017760308,,,,0.016581125,,,,0.072772115,,,,,0.091049172,,,,,,0.002489184,0.190600704,0.008116728,0.001289165,,,,,,,,,,,0.034682349,,,,,,0.030955798,,,,2.67E-05,,,0.006014389,,,,,,,0.833700381,,0.464943842,0.04366993,,3.10E-05,,,0.000110757,,,,,0.039582617,0.122069735,0.000820809,4.14E-05,,1.70E-05,5.82E-05,,,,,,,,,,,2.50E-05,,,,1.49E-05,,,,,,,,,,,4.11E-05,3.05E-05,,,,,1.99E-05,,0.150271977,,0.000353584,,,4.06E-05,,,,,
B_AX,AX_C,Child,34,8.25E-06,0.030750346,0.034688099,0.001325988,0.034948577,0.000959686,,,1.63E-05,5.91E-06,7.70E-05,0.035304291,,,,0.00597214,0.003369764,0.000126994,2.12E-05,,,9.05E-05,0.000126661,,,,4.16E-05,2.62E-05,0.010242147,,,,0.0002524,,0.012711579,0.000644192,0.304408658,,,,1.71E-05,,3.75E-06,5.27E-05,,4.79E-05,,,8.98E-05,,,,0.040278798,,,,,,0.000142937,,1.68E-05,,,7.44E-05,0.000151448,,,,,0.000651253,5.32E-05,,,1.07E-05,,4.42E-06,,2.68E-05,,1.21E-05,,,,1.37E-05,3.35E-05,3.79E-06,,1.04E-05,,1.85E-05,0.007911931,1.69E-05,0.008761027,0.000108153,,2.86E-05,0.00011445,,,1.31E-05,,4.97E-06,,0.001210129,0.037331462,3.08E-05,0.001312297,0.002497115,,,,,,0.048421696,0.000128902,8.19E-06,0.004065149,,6.07E-05,,,5.38E-05,,0.002540736,,6.81E-06,,9.90E-05,,0.000145809,0.047790657,,7.92E-05,6.01E-06,,,,1.32E-05,,,,,
AY,AY_M,Mother,0,,,,,0.064348881,0.060797469,,0.001967424,,,,,1.154480229,0.250580343,,,,4.57E-06,,,,,1.62E-05,,,,0.002436801,,,,0.007340717,,0.000145215,,0.071158535,0.001202683,,,,0.06302386,,7.23E-05,,,,7.14E-05,0.131724937,0.00035114,0.000119941,,,8.60E-05,,,,,,0.054849226,,,,,,,,,,,,,,8.30E-06,0.000230027,,,,,,,0.161283151,,0.108983312,0.052451994,,0.275841115,,3.86E-05,0.025376604,,,,,0.000149987,0.000291405,0.000746959,0.000154682,,,,1.09E-05,,,,,,,,6.07E-06,,4.28E-06,3.90E-06,,,,9.25E-06,,,,,,,,,,,2.26E-05,6.85E-05,,,,1.67E-05,,0.08114439,,,,,,,,,,
AZ,AZ_M,Mother,0,,,,,0.00068352,0.000406159,,0.00014009,,,,,0.489703829,0.780897442,,,,,,,,,,,2.09E-06,,0.000267208,,,,0.009168842,,,,0.000542946,,,,,0.000597618,,,,,,0.0003929,0.055914443,,,,,0.000479163,,,,,,0.005043848,0.000356536,,,,,,,,,,,5.32E-06,,,0.000145959,,,,,1.49E-06,,0.176212617,,0.065232797,0.022060304,,3.52E-06,,6.24E-05,,,,,,0.000915377,0.003431058,,0.00073969,,0.000132706,0.000120394,1.05E-05,,,,,,,,,,1.26E-05,,5.40E-06,,1.74E-05,,,,,,,,,1.46E-06,,4.61E-05,1.14E-05,,,,,,,0.000973087,,,,,3.82E-05,,,,,0.000207452
BA,BA_M,Mother,0,,,,,9.94E-06,6.03E-05,,,,,,,3.67E-05,0.130196107,,,,,,,,,,,,,,,,6.11E-05,0.010289055,,,,,8.38E-06,,,,1.21E-05,3.63E-06,0.000255385,,,,7.70E-05,0.531708986,1.31E-05,,,,,,,,,,,,1.02E-05,,,,,,3.03E-05,2.03E-05,,,1.35E-05,,,,,,,4.55E-06,,,0.746692862,,0.044611775,0.010591318,,0.107878525,,,3.35E-05,,,,,0.000434625,0.000406926,,2.27E-05,3.62E-06,8.25E-06,3.62E-06,3.22E-05,,,,,,6.44E-06,,9.95E-06,,1.78E-05,,8.13E-06,,,3.40E-06,,,,,,,,4.16E-06,,1.65E-05,5.84E-06,9.85E-05,,,,0.000345054,,8.70E-06,,,,,,,,,,
BB,BB_M,Mother,0,,,1.74E-05,8.45E-05,0.139468137,5.53E-05,2.99E-05,0.000178175,,0.002083176,,,3.99E-06,0.000295656,0.000113111,0.262390435,,,0.001585127,,,,,,,,4.65E-06,,0.244043643,0.092395219,0.028895419,0.001303668,,,0.008105606,,5.43E-06,,,,,,,4.54E-05,,2.97E-06,5.30E-06,4.60E-05,6.96E-06,8.37E-06,6.62E-06,0.000362252,,,5.62E-06,,3.97E-06,,,,,,,,0.000442784,,,,9.90E-06,,,,3.43E-05,7.92E-06,0.000476184,,9.95E-05,2.04E-05,1.26E-05,,,,1.05E-05,0.000899559,2.00E-05,,,,3.18E-06,,0.027063814,1.23E-05,0.029614302,0.000133879,6.20E-06,1.045623897,,5.25E-05,,3.67E-06,,7.95E-06,,0.001429524,1.28E-05,3.34E-05,,,1.62E-05,8.13E-06,0.000704772,,7.38E-06,3.73E-06,3.35E-05,1.23E-05,0.000181987,,7.33E-06,0.000343217,1.30E-05,4.88E-05,,,,2.85E-05,1.39E-05,4.84E-06,,,2.27E-05,,0.000130937,3.18E-06,,,,1.03E-05,1.54E-05,,,,
BC,BC_M,Mother,0,2.36E-05,0.039906717,0.037841644,0.002261966,0.091348412,,,0.001520646,,0.008653454,7.32E-05,0.040043958,4.12E-06,,5.71E-05,0.323681591,2.93E-05,1.65E-05,,,,,,3.28E-06,0.00144227,,2.19E-06,,0.20630963,0.062446198,0.007790288,,,,0.000172254,2.16E-05,0.001646577,,,,5.62E-06,,,6.65E-06,,1.62E-06,,,2.19E-05,4.00E-06,3.90E-06,4.40E-06,0.046573245,,,,0.000113608,,,0.058222252,0.061203675,,,,0.038400422,,0.049221291,,,,7.60E-05,8.64E-06,,8.61E-06,0.000140746,2.25E-05,4.66E-05,7.84E-06,0.105020843,,0.000819585,,,,,,,,,1.05E-05,0.003987071,5.03E-05,0.00394356,1.77E-05,,0.181737898,,,2.06E-06,1.42E-05,0.000472263,1.82E-06,,0.000665048,0.068469318,6.09E-05,,,,2.65E-06,,,8.63E-06,0.064661682,0.000286614,3.77E-06,0.008775836,0.00014963,2.65E-06,0.000152942,,1.36E-05,0.000298734,0.002776748,,1.73E-06,0.104575994,2.25E-06,,9.20E-05,1.90E-05,1.71E-05,,,,0.040517813,,0.045214111,5.51E-05,,,0.000261454,
BD,BD_M,Mother,0,,0.000180583,0.000253179,0.000222305,0.150332715,,,0.00033245,0.000284043,0.047531717,,0.000199401,1.06E-05,,1.43E-05,0.084633734,0.001702235,,2.44E-05,2.14E-05,,,,2.05E-05,0.000103079,,8.19E-06,,1.001403258,0.214429731,0.018441044,,7.63E-05,,0.018466092,,4.49E-05,,1.98E-05,1.65E-05,9.71E-06,,,,,4.32E-05,,,0.000106808,1.30E-05,2.28E-05,8.01E-05,0.000205334,,1.88E-05,,1.86E-05,,,,,,,,0.000201068,,,,1.33E-05,1.19E-05,,5.06E-05,0.000214533,2.19E-05,0.000376253,,3.32E-05,1.71E-05,,4.77E-06,6.37E-05,,5.02E-06,,,,,,3.01E-05,8.22E-06,0.081300085,1.13E-05,0.077574324,,,0.010166793,0.000194045,,1.45E-05,4.78E-05,3.25E-05,,,0.001845173,0.000399588,,,,,9.44E-05,0.002076144,,1.54E-05,0.000145973,0.000563708,2.68E-05,0.00101015,7.93E-05,3.87E-05,0.000138858,,3.34E-05,5.72E-05,0.000241555,,,,2.01E-05,,,3.20E-05,,0.000274633,,4.84E-06,5.45E-05,,2.22E-05,,8.60E-05,,,